farm_id,sensing_at,temp,humi,light,press,month,week
cab,2021-11-07,16.8,72.2,1,0,11,2
dab,2021-11-07,16.2,69.3,1,0,11,2
iab,2021-11-07,16.2,69.3,1,0,11,2
cab,2021-11-08,12.6,75.2,1,0.69,11,2
dab,2021-11-08,13,75,1,2.68,11,2
iab,2021-11-08,13,75,1,2.68,11,2
lab,2021-11-08,10.7,60.4,1,5.24,11,2
pab,2021-11-08,7.2,71.9,1,0.88,11,2
xab,2021-11-08,11.9,60.6,1,12.12,11,2
dbb,2021-11-08,10.7,60.4,1,5.24,11,2
cab,2021-11-09,10.8,61,1,1.05,11,2
dab,2021-11-09,10.6,58.5,1,7.23,11,2
eab,2021-11-09,7.5,70.9,1,0,11,2
gab,2021-11-09,9.3,63.6,1,2.66,11,2
iab,2021-11-09,10.6,58.5,1,7.23,11,2
lab,2021-11-09,11.1,54.7,1,7.1,11,2
mab,2021-11-09,8.6,67,1,0.12,11,2
pab,2021-11-09,10.1,62.7,1,7.29,11,2
sab,2021-11-09,7.5,70.9,1,0,11,2
wab,2021-11-09,9.3,63.6,1,2.66,11,2
xab,2021-11-09,13.1,46.2,1,10.33,11,2
cbb,2021-11-09,9.3,63.6,1,2.66,11,2
dbb,2021-11-09,11.1,54.7,1,7.1,11,2
cab,2021-11-10,10.2,74,1,0.48,11,2
dab,2021-11-10,9.8,71.9,1,4.58,11,2
eab,2021-11-10,8.8,71.6,1,1.29,11,2
gab,2021-11-10,9,73.3,1,2.8,11,2
hab,2021-11-10,10.6,60.3,1,1.63,11,2
iab,2021-11-10,9.8,71.9,1,4.58,11,2
kab,2021-11-10,10.6,64.9,1,4.85,11,2
lab,2021-11-10,11.3,59.7,1,6.01,11,2
mab,2021-11-10,9.8,69.8,1,2.79,11,2
pab,2021-11-10,10.1,67.3,1,4.83,11,2
qab,2021-11-10,10.7,62.6,1,2.11,11,2
rab,2021-11-10,8.8,77.1,1,0.12,11,2
sab,2021-11-10,8.8,71.6,1,1.29,11,2
tab,2021-11-10,10.6,64.9,1,4.85,11,2
uab,2021-11-10,11.9,52.5,1,7.5,11,2
wab,2021-11-10,9,73.3,1,2.8,11,2
xab,2021-11-10,11.1,60.7,1,0,11,2
cbb,2021-11-10,9,73.3,1,2.8,11,2
dbb,2021-11-10,11.3,59.7,1,6.01,11,2
cab,2021-11-11,11.8,71.2,1,0.75,11,2
dab,2021-11-11,12,65.4,1,9.42,11,2
eab,2021-11-11,11.7,61.8,1,2.8,11,2
gab,2021-11-11,11.3,67,1,6.14,11,2
hab,2021-11-11,12.5,57.2,1,4.94,11,2
iab,2021-11-11,12,65.4,1,9.42,11,2
kab,2021-11-11,11,69.8,1,4.88,11,2
lab,2021-11-11,13,54,1,7.89,11,2
mab,2021-11-11,12.2,61.9,1,5.92,11,2
pab,2021-11-11,12.4,58.7,1,7.5,11,2
qab,2021-11-11,11.3,63.3,1,2.4,11,2
rab,2021-11-11,11.4,66.8,1,3.67,11,2
sab,2021-11-11,11.7,61.8,1,2.8,11,2
tab,2021-11-11,11,69.8,1,4.88,11,2
uab,2021-11-11,13.7,50.9,1,10.13,11,2
wab,2021-11-11,11.3,67,1,6.14,11,2
xab,2021-11-11,13.8,53.7,1,10.39,11,2
cbb,2021-11-11,11.3,67,1,6.14,11,2
dbb,2021-11-11,13,54,1,7.89,11,2
cab,2021-11-12,11.3,65.3,1,1.73,11,2
dab,2021-11-12,11,62.4,1,10.02,11,2
eab,2021-11-12,10.2,61,1,2.94,11,2
gab,2021-11-12,10.5,61,1,5.51,11,2
hab,2021-11-12,11.1,60.4,1,4.61,11,2
iab,2021-11-12,11,62.4,1,10.02,11,2
kab,2021-11-12,10.1,67.3,1,4.9,11,2
lab,2021-11-12,11.3,54.5,1,6.66,11,2
mab,2021-11-12,11.3,56.6,1,5.5,11,2
pab,2021-11-12,10.5,62,1,6.04,11,2
qab,2021-11-12,8.9,72.4,1,1.76,11,2
rab,2021-11-12,10.2,62.4,1,2.18,11,2
sab,2021-11-12,10.2,61,1,2.94,11,2
tab,2021-11-12,10.1,67.3,1,4.9,11,2
uab,2021-11-12,10.4,65,1,3.75,11,2
wab,2021-11-12,10.5,61,1,5.51,11,2
xab,2021-11-12,10.5,64.8,1,6.02,11,2
cbb,2021-11-12,10.5,61,1,5.51,11,2
dbb,2021-11-12,11.3,54.5,1,6.66,11,2
cab,2021-11-13,11.7,62.6,1,0.17,11,2
dab,2021-11-13,12.5,57,1,12.08,11,2
eab,2021-11-13,11.5,53.6,1,2.95,11,2
gab,2021-11-13,11.4,55.2,1,6.12,11,2
hab,2021-11-13,12.3,52.7,1,5.39,11,2
iab,2021-11-13,12.5,57,1,12.08,11,2
kab,2021-11-13,11.3,57.5,1,5.64,11,2
lab,2021-11-13,12.2,55.3,1,8.34,11,2
mab,2021-11-13,12.2,51.1,1,5.88,11,2
pab,2021-11-13,11.4,62,1,7.33,11,2
qab,2021-11-13,10.9,60.8,1,2.38,11,2
rab,2021-11-13,11,56.5,1,2.46,11,2
sab,2021-11-13,11.5,53.6,1,2.95,11,2
tab,2021-11-13,11.3,57.5,1,5.64,11,2
uab,2021-11-13,14.4,46.9,1,13.41,11,2
wab,2021-11-13,11.4,55.2,1,6.12,11,2
xab,2021-11-13,12.4,55.6,1,7.94,11,2
cbb,2021-11-13,11.4,55.2,1,6.12,11,2
dbb,2021-11-13,12.2,55.3,1,8.34,11,2
cab,2021-11-14,12.5,65.1,1,0.04,11,3
dab,2021-11-14,13.5,58.3,1,12.44,11,3
eab,2021-11-14,13.2,53.7,1,2.73,11,3
gab,2021-11-14,12.5,55,1,6.9,11,3
hab,2021-11-14,12.8,51.1,1,5.74,11,3
iab,2021-11-14,13.5,58.3,1,12.44,11,3
kab,2021-11-14,11.7,54.6,1,5.26,11,3
lab,2021-11-14,14.1,51.1,1,7.75,11,3
mab,2021-11-14,14.3,48.4,1,6.58,11,3
pab,2021-11-14,12.9,56.6,1,6.04,11,3
qab,2021-11-14,11.1,59.6,1,2.67,11,3
rab,2021-11-14,12.4,55.6,1,2.4,11,3
sab,2021-11-14,13.2,53.7,1,2.73,11,3
tab,2021-11-14,11.7,54.6,1,5.26,11,3
uab,2021-11-14,12.3,55.2,1,9.36,11,3
wab,2021-11-14,12.5,55,1,6.9,11,3
xab,2021-11-14,12.1,55.8,1,7.35,11,3
cbb,2021-11-14,12.5,55,1,6.9,11,3
dbb,2021-11-14,14.1,51.1,1,7.75,11,3
cab,2021-11-15,12,63.9,1,0,11,3
dab,2021-11-15,11.9,63.2,1,11.54,11,3
eab,2021-11-15,13,55.7,1,3.44,11,3
gab,2021-11-15,12.1,56.6,1,6.9,11,3
hab,2021-11-15,12.6,54.1,1,5.19,11,3
iab,2021-11-15,11.9,63.2,1,11.54,11,3
kab,2021-11-15,11.7,56.7,1,5.22,11,3
lab,2021-11-15,11.9,59.6,1,7.16,11,3
mab,2021-11-15,13.2,53.4,1,7,11,3
pab,2021-11-15,11.5,60.3,1,5.12,11,3
qab,2021-11-15,11.1,62,1,2.5,11,3
rab,2021-11-15,11.8,58.7,1,2.98,11,3
sab,2021-11-15,13,55.7,1,3.44,11,3
tab,2021-11-15,11.7,56.7,1,5.22,11,3
uab,2021-11-15,12.1,55.7,1,10.96,11,3
wab,2021-11-15,12.1,56.6,1,6.9,11,3
xab,2021-11-15,12,56.5,1,6.25,11,3
cbb,2021-11-15,12.1,56.6,1,6.9,11,3
dbb,2021-11-15,11.9,59.6,1,7.16,11,3
cab,2021-11-16,11.1,65,1,1.22,11,3
dab,2021-11-16,11,66.4,1,9.94,11,3
eab,2021-11-16,10.9,63.4,1,1.93,11,3
gab,2021-11-16,12.3,50.6,1,3.8,11,3
hab,2021-11-16,12.5,54.1,1,4.1,11,3
iab,2021-11-16,11,66.4,1,9.94,11,3
kab,2021-11-16,12,59.9,1,4.79,11,3
lab,2021-11-16,12.8,55.8,1,6.12,11,3
mab,2021-11-16,12.7,57.7,1,3.46,11,3
pab,2021-11-16,11.7,61.1,1,2.38,11,3
qab,2021-11-16,12.1,59.2,1,1.73,11,3
rab,2021-11-16,11,63.1,1,1.4,11,3
sab,2021-11-16,10.9,63.4,1,1.93,11,3
tab,2021-11-16,12,59.9,1,4.79,11,3
uab,2021-11-16,10.9,61.6,1,2.28,11,3
wab,2021-11-16,12.3,50.6,1,3.8,11,3
xab,2021-11-16,12.7,55.5,1,3.42,11,3
cbb,2021-11-16,12.3,50.6,1,3.8,11,3
dbb,2021-11-16,12.8,55.8,1,6.12,11,3
aab,2021-11-17,15.2,45.9,1,9.11,11,3
bab,2021-11-17,16.1,39.9,1,17.9,11,3
cab,2021-11-17,10.2,64.7,1,0,11,3
dab,2021-11-17,11.1,63.4,1,11.73,11,3
eab,2021-11-17,13.1,51,1,3.44,11,3
gab,2021-11-17,12.7,41.5,1,6.94,11,3
hab,2021-11-17,13.2,46.9,1,5.57,11,3
iab,2021-11-17,11.1,63.4,1,11.73,11,3
kab,2021-11-17,13.1,55.8,1,5.49,11,3
lab,2021-11-17,13.3,48.8,1,7.33,11,3
mab,2021-11-17,13.6,46.2,1,6.58,11,3
pab,2021-11-17,13.2,48.4,1,3.75,11,3
qab,2021-11-17,13,46.7,1,2.67,11,3
rab,2021-11-17,12.4,52.3,1,2.88,11,3
sab,2021-11-17,13.1,51,1,3.44,11,3
tab,2021-11-17,13.1,55.8,1,5.49,11,3
uab,2021-11-17,11.6,51.7,1,7.5,11,3
wab,2021-11-17,12.7,41.5,1,6.94,11,3
xab,2021-11-17,12.7,48.1,1,6.42,11,3
cbb,2021-11-17,12.7,41.5,1,6.94,11,3
dbb,2021-11-17,13.3,48.8,1,7.33,11,3
aab,2021-11-18,13,50.7,1,7.12,11,3
bab,2021-11-18,11.7,49.9,1,9.19,11,3
cab,2021-11-18,10.6,62.5,1,0,11,3
dab,2021-11-18,11.7,61,1,11.96,11,3
eab,2021-11-18,13,48.3,1,3.02,11,3
gab,2021-11-18,12.7,42.7,1,7.22,11,3
hab,2021-11-18,13.5,48.5,1,5.71,11,3
iab,2021-11-18,11.7,61,1,11.96,11,3
kab,2021-11-18,11.6,54.1,1,5.51,11,3
lab,2021-11-18,12.8,54.9,1,6.76,11,3
mab,2021-11-18,13.8,43,1,6.96,11,3
pab,2021-11-18,13.3,52.4,1,3.79,11,3
qab,2021-11-18,12.1,54.8,1,2.75,11,3
rab,2021-11-18,12.7,48.1,1,2.92,11,3
sab,2021-11-18,13,48.3,1,3.02,11,3
tab,2021-11-18,11.6,54.1,1,5.51,11,3
uab,2021-11-18,10.6,55.8,1,5.7,11,3
wab,2021-11-18,12.7,42.7,1,7.22,11,3
xab,2021-11-18,13,50.5,1,7.17,11,3
cbb,2021-11-18,12.7,42.7,1,7.22,11,3
dbb,2021-11-18,12.8,54.9,1,6.76,11,3
aab,2021-11-19,12.3,52.9,1,7.4,11,3
bab,2021-11-19,9.4,53.2,1,7.33,11,3
cab,2021-11-19,9,66,1,0,11,3
dab,2021-11-19,10.9,59.8,1,12.59,11,3
eab,2021-11-19,12.5,46.9,1,3.2,11,3
gab,2021-11-19,12.7,41.8,1,8.02,11,3
hab,2021-11-19,13.3,46.4,1,5.92,11,3
iab,2021-11-19,10.9,59.8,1,12.59,11,3
kab,2021-11-19,11.7,53.4,1,5.71,11,3
lab,2021-11-19,13.6,45.1,1,8.89,11,3
mab,2021-11-19,13.5,40.2,1,7.38,11,3
pab,2021-11-19,12.5,46.9,1,4.88,11,3
qab,2021-11-19,12.1,50.6,1,3.94,11,3
rab,2021-11-19,12.2,46.7,1,3.21,11,3
sab,2021-11-19,12.5,46.9,1,3.2,11,3
tab,2021-11-19,11.7,53.4,1,5.71,11,3
uab,2021-11-19,10.1,54.9,1,4.41,11,3
wab,2021-11-19,12.7,41.8,1,8.02,11,3
xab,2021-11-19,12.8,49.9,1,7.83,11,3
cbb,2021-11-19,12.7,41.8,1,8.02,11,3
dbb,2021-11-19,13.6,45.1,1,8.89,11,3
aab,2021-11-20,14,56,1,6.97,11,3
bab,2021-11-20,11.2,58.3,1,8.65,11,3
cab,2021-11-20,10.6,71.3,1,0,11,3
dab,2021-11-20,12,68.6,1,11.79,11,3
eab,2021-11-20,13.7,49.6,1,3.17,11,3
gab,2021-11-20,13.7,45.6,1,6.53,11,3
hab,2021-11-20,13.6,54.1,1,5.49,11,3
iab,2021-11-20,12,68.6,1,11.79,11,3
kab,2021-11-20,13.8,63.5,1,5.31,11,3
lab,2021-11-20,14.7,49.8,1,6.58,11,3
mab,2021-11-20,14.2,45.5,1,6.42,11,3
pab,2021-11-20,13.7,51,1,5,11,3
qab,2021-11-20,23.8,35.7,1,9,11,3
rab,2021-11-20,12.6,52,1,2.94,11,3
sab,2021-11-20,13.7,49.6,1,3.17,11,3
tab,2021-11-20,13.8,63.5,1,5.31,11,3
uab,2021-11-20,14.8,52.4,1,10.88,11,3
wab,2021-11-20,13.7,45.6,1,6.53,11,3
xab,2021-11-20,13.9,53.5,1,7.1,11,3
cbb,2021-11-20,13.7,45.6,1,6.53,11,3
dbb,2021-11-20,14.7,49.8,1,6.58,11,3
aab,2021-11-21,15.1,68.7,1,4.04,11,4
bab,2021-11-21,14.5,67.6,1,5.9,11,4
cab,2021-11-21,13.5,78.4,1,0,11,4
dab,2021-11-21,14.8,72.1,1,8.26,11,4
eab,2021-11-21,15.4,62.4,1,1.68,11,4
gab,2021-11-21,15.3,64.8,1,3.22,11,4
hab,2021-11-21,15,66.7,1,3.06,11,4
iab,2021-11-21,14.8,72.1,1,8.26,11,4
kab,2021-11-21,14.8,68.5,1,3.39,11,4
lab,2021-11-21,15.8,64.8,1,5.02,11,4
mab,2021-11-21,16.3,62.1,1,2.79,11,4
pab,2021-11-21,14.9,67.6,1,2.5,11,4
qab,2021-11-21,14.4,72.5,1,1.69,11,4
rab,2021-11-21,15.2,64.4,1,1.21,11,4
sab,2021-11-21,15.4,62.4,1,1.68,11,4
tab,2021-11-21,14.8,68.5,1,3.39,11,4
uab,2021-11-21,13.3,71.5,1,1.26,11,4
wab,2021-11-21,15.3,64.8,1,3.22,11,4
xab,2021-11-21,14.9,67.7,1,2.58,11,4
cbb,2021-11-21,15.3,64.8,1,3.22,11,4
dbb,2021-11-21,15.8,64.8,1,5.02,11,4
aab,2021-11-22,10.3,59.8,1,6.56,11,4
bab,2021-11-22,9.4,60.1,1,4.3,11,4
cab,2021-11-22,9.8,68.6,1,0,11,4
dab,2021-11-22,9.7,63.3,1,6.09,11,4
eab,2021-11-22,9.7,55.3,1,2.78,11,4
gab,2021-11-22,8.8,63.6,1,3.31,11,4
hab,2021-11-22,10.7,58.4,1,5,11,4
iab,2021-11-22,9.7,63.3,1,6.09,11,4
kab,2021-11-22,10.5,62.5,1,4.92,11,4
lab,2021-11-22,12,54.2,1,6.07,11,4
mab,2021-11-22,10.5,55,1,3.75,11,4
pab,2021-11-22,11.3,54.5,1,2.83,11,4
qab,2021-11-22,9.7,65.3,1,2.91,11,4
rab,2021-11-22,9.9,58.4,1,1.73,11,4
sab,2021-11-22,9.7,55.3,1,2.78,11,4
tab,2021-11-22,10.5,62.5,1,4.92,11,4
uab,2021-11-22,10.5,59.2,1,5.6,11,4
wab,2021-11-22,8.8,63.6,1,3.31,11,4
xab,2021-11-22,10.3,59,1,4.69,11,4
cbb,2021-11-22,8.8,63.6,1,3.31,11,4
dbb,2021-11-22,12,54.2,1,6.07,11,4
aab,2021-11-23,8.8,55.1,1,6.06,11,4
bab,2021-11-23,8.6,51.1,1,3.28,11,4
cab,2021-11-23,8.7,56.9,1,0,11,4
dab,2021-11-23,8.6,54.9,1,5.9,11,4
eab,2021-11-23,7.4,56.2,1,1.66,11,4
gab,2021-11-23,7.4,58.1,1,2.03,11,4
hab,2021-11-23,9,54.3,1,4.75,11,4
iab,2021-11-23,8.6,54.9,1,5.9,11,4
kab,2021-11-23,8.6,57.6,1,4.07,11,4
lab,2021-11-23,7.2,57.7,1,3.74,11,4
mab,2021-11-23,8.5,52.9,1,2.08,11,4
pab,2021-11-23,8.7,51.6,1,4.04,11,4
qab,2021-11-23,7.5,59,1,3.05,11,4
rab,2021-11-23,7.5,57.3,1,0.92,11,4
sab,2021-11-23,7.4,56.2,1,1.66,11,4
tab,2021-11-23,8.6,57.6,1,4.07,11,4
uab,2021-11-23,8.9,52.5,1,6.32,11,4
wab,2021-11-23,7.4,58.1,1,2.03,11,4
xab,2021-11-23,8.8,54.7,1,4.98,11,4
cbb,2021-11-23,7.4,58.1,1,2.03,11,4
dbb,2021-11-23,7.2,57.7,1,3.74,11,4
aab,2021-11-24,10.1,49.6,1,6.47,11,4
bab,2021-11-24,10.6,44.6,1,6.86,11,4
cab,2021-11-24,10.3,54.1,1,0,11,4
dab,2021-11-24,10.8,49.6,1,11.03,11,4
eab,2021-11-24,8.8,51.7,1,1.26,11,4
gab,2021-11-24,9.3,51.9,1,4.65,11,4
hab,2021-11-24,10.1,46.3,1,5.48,11,4
iab,2021-11-24,10.8,49.6,1,11.03,11,4
kab,2021-11-24,8.7,51.7,1,4.54,11,4
lab,2021-11-24,10,53.4,1,6.83,11,4
mab,2021-11-24,10.6,46,1,4.75,11,4
pab,2021-11-24,9.3,54.9,1,4.79,11,4
qab,2021-11-24,11,48.5,1,3.69,11,4
rab,2021-11-24,9.4,49.7,1,1.88,11,4
sab,2021-11-24,8.8,51.7,1,1.26,11,4
tab,2021-11-24,8.7,51.7,1,4.54,11,4
uab,2021-11-24,9.3,47.4,1,7.1,11,4
wab,2021-11-24,9.3,51.9,1,4.65,11,4
xab,2021-11-24,10.4,48.6,1,6.23,11,4
cbb,2021-11-24,9.3,51.9,1,4.65,11,4
dbb,2021-11-24,10,53.4,1,6.83,11,4
aab,2021-11-25,11.3,55.1,1,6.85,11,4
bab,2021-11-25,12.2,49.9,1,10.43,11,4
cab,2021-11-25,10.8,64.5,1,0,11,4
dab,2021-11-25,11.8,58.5,1,12.04,11,4
eab,2021-11-25,10.9,52.1,1,2.72,11,4
gab,2021-11-25,10.4,57.9,1,6.06,11,4
hab,2021-11-25,11.5,50.7,1,5.72,11,4
iab,2021-11-25,11.8,58.5,1,12.04,11,4
kab,2021-11-25,10,55.9,1,4.89,11,4
lab,2021-11-25,13.3,47.8,1,6.9,11,4
mab,2021-11-25,8.7,63.7,1,0.33,11,4
pab,2021-11-25,11.3,51,1,4.62,11,4
qab,2021-11-25,10,56,1,3.57,11,4
rab,2021-11-25,10.1,54.9,1,2.54,11,4
sab,2021-11-25,10.9,52.1,1,2.72,11,4
tab,2021-11-25,10,55.9,1,4.89,11,4
uab,2021-11-25,9.6,54.2,1,7.11,11,4
wab,2021-11-25,10.4,57.9,1,6.06,11,4
xab,2021-11-25,11.1,52.5,1,6.25,11,4
cbb,2021-11-25,10.4,57.9,1,6.06,11,4
dbb,2021-11-25,13.3,47.8,1,6.9,11,4
aab,2021-11-26,10.9,53.9,1,6.99,11,4
bab,2021-11-26,8.8,54.6,1,9.48,11,4
cab,2021-11-26,7.7,70.2,1,0,11,4
dab,2021-11-26,9,64.1,1,11.87,11,4
eab,2021-11-26,11.5,38.2,1,3.19,11,4
gab,2021-11-26,10.6,46.6,1,7.26,11,4
hab,2021-11-26,10.8,50.3,1,5.9,11,4
iab,2021-11-26,9,64.1,1,11.87,11,4
kab,2021-11-26,9.6,56.5,1,5.24,11,4
lab,2021-11-26,13.1,45.1,1,6.92,11,4
mab,2021-11-26,14.5,27.2,1,10.53,11,4
pab,2021-11-26,11.7,43,1,6.96,11,4
qab,2021-11-26,10.6,51.2,1,3.14,11,4
rab,2021-11-26,11,38.3,1,3.33,11,4
sab,2021-11-26,11.5,38.2,1,3.19,11,4
tab,2021-11-26,9.6,56.5,1,5.24,11,4
uab,2021-11-26,10.9,51.5,1,8.46,11,4
wab,2021-11-26,10.6,46.6,1,7.26,11,4
xab,2021-11-26,10.9,50.5,1,6.5,11,4
cbb,2021-11-26,10.6,46.6,1,7.26,11,4
dbb,2021-11-26,13.1,45.1,1,6.92,11,4
aab,2021-11-27,9,51.2,1,7.18,11,4
bab,2021-11-27,8.4,53.5,1,10.34,11,4
cab,2021-11-27,8.4,60.4,1,2.97,11,4
dab,2021-11-27,7.8,59.8,1,11.85,11,4
eab,2021-11-27,9.7,46.9,1,3.23,11,4
gab,2021-11-27,9.6,49.4,1,6.96,11,4
hab,2021-11-27,8.8,47.1,1,6,11,4
iab,2021-11-27,7.8,59.8,1,11.85,11,4
kab,2021-11-27,7.5,51.7,1,5.28,11,4
lab,2021-11-27,9.3,52.9,1,5.71,11,4
mab,2021-11-27,10.7,42.2,1,7.21,11,4
pab,2021-11-27,10.4,46.2,1,7.12,11,4
qab,2021-11-27,9.6,49.3,1,5.23,11,4
rab,2021-11-27,9.6,45.4,1,3.1,11,4
sab,2021-11-27,9.7,46.9,1,3.23,11,4
tab,2021-11-27,7.5,51.7,1,5.28,11,4
uab,2021-11-27,9.3,51.7,1.02,8.24,11,4
wab,2021-11-27,9.6,49.4,1,6.96,11,4
xab,2021-11-27,9.1,47.8,1,6.73,11,4
cbb,2021-11-27,9.6,49.4,1,6.96,11,4
dbb,2021-11-27,9.3,52.9,1,5.71,11,4
aab,2021-11-28,10,57.2,1,6.49,11,5
bab,2021-11-28,12.2,53.5,1,12.02,11,5
cab,2021-11-28,8.1,64.6,1,0,11,5
dab,2021-11-28,10.3,60.4,1,11.71,11,5
eab,2021-11-28,12,50,1,3.31,11,5
gab,2021-11-28,10.2,51.9,1,6.65,11,5
hab,2021-11-28,11.8,52.7,1,5.29,11,5
iab,2021-11-28,10.3,60.4,1,11.71,11,5
kab,2021-11-28,10.6,54.6,1,5.35,11,5
lab,2021-11-28,12,61.9,1,5.12,11,5
mab,2021-11-28,13.1,49.7,1,7.46,11,5
pab,2021-11-28,12.1,51.7,1,6.38,11,5
qab,2021-11-28,7.9,58.5,1,1.95,11,5
rab,2021-11-28,11.5,50.6,1,3.29,11,5
sab,2021-11-28,12,50,1,3.31,11,5
tab,2021-11-28,10.6,54.6,1,5.35,11,5
uab,2021-11-28,10.4,61.1,1,4.92,11,5
wab,2021-11-28,10.2,51.9,1,6.65,11,5
xab,2021-11-28,11.2,53.7,1,5.26,11,5
cbb,2021-11-28,10.2,51.9,1,6.65,11,5
dbb,2021-11-28,12,61.9,1,5.12,11,5
aab,2021-11-29,11.9,60.8,1,7.39,11,5
bab,2021-11-29,12.3,59,1,9.63,11,5
cab,2021-11-29,12.4,68.1,1,3.31,11,5
dab,2021-11-29,13.3,67,1,11.35,11,5
eab,2021-11-29,14,55.1,1,3.23,11,5
gab,2021-11-29,13.2,55,1,7.03,11,5
hab,2021-11-29,7.5,69.3,1,0,11,5
iab,2021-11-29,13.3,67,1,11.35,11,5
kab,2021-11-29,11.2,56.8,1,5.43,11,5
lab,2021-11-29,13,63.3,1,5.23,11,5
mab,2021-11-29,14.6,58,1,7.29,11,5
pab,2021-11-29,13.3,57.1,1,6.88,11,5
qab,2021-11-29,10.9,59.5,1,4.54,11,5
rab,2021-11-29,13.2,54.8,1,3.06,11,5
sab,2021-11-29,14,55.1,1,3.23,11,5
tab,2021-11-29,11.2,56.8,1,5.43,11,5
uab,2021-11-29,10.1,65.9,1,3.94,11,5
wab,2021-11-29,13.2,55,1,7.03,11,5
xab,2021-11-29,12,58.3,1,5.86,11,5
cbb,2021-11-29,13.2,55,1,7.03,11,5
dbb,2021-11-29,13,63.3,1,5.23,11,5
aab,2021-11-30,12,77.8,1,1.58,11,5
bab,2021-11-30,10.2,78.8,1,1.58,11,5
cab,2021-11-30,11.2,86.1,1,0.63,11,5
dab,2021-11-30,11.1,83.4,1,1.65,11,5
eab,2021-11-30,10.9,78.8,1,0.96,11,5
gab,2021-11-30,10.4,81.2,1,1.12,11,5
iab,2021-11-30,11.1,83.4,1,1.65,11,5
kab,2021-11-30,11.7,77.3,1,1.86,11,5
lab,2021-11-30,13.2,66,1,2.98,11,5
mab,2021-11-30,11.8,80.3,1,1.36,11,5
pab,2021-11-30,12.2,71.8,1,1.38,11,5
qab,2021-11-30,11.3,78.5,1,2.38,11,5
rab,2021-11-30,10.8,80.4,1,0.33,11,5
sab,2021-11-30,10.9,78.8,1,0.96,11,5
tab,2021-11-30,11.7,77.3,1,1.86,11,5
uab,2021-11-30,11.6,74,1,2.9,11,5
wab,2021-11-30,10.4,81.2,1,1.12,11,5
xab,2021-11-30,11.5,77,1,1,11,5
cbb,2021-11-30,10.4,81.2,1,1.12,11,5
dbb,2021-11-30,13.2,66,1,2.98,11,5
aab,2021-12-01,6.5,63.7,1,4.48,12,1
bab,2021-12-01,6.6,60.8,1,2.87,12,1
cab,2021-12-01,6.6,65.2,1,0,12,1
dab,2021-12-01,6.5,61.9,1,5.6,12,1
eab,2021-12-01,6,62.3,1,2.29,12,1
gab,2021-12-01,5.8,64.2,1,3.64,12,1
iab,2021-12-01,6.5,61.9,1,5.6,12,1
kab,2021-12-01,6.6,65.2,1,3.21,12,1
lab,2021-12-01,7.8,39.3,1,3.72,12,1
mab,2021-12-01,6.9,60.7,1,4.53,12,1
pab,2021-12-01,7.4,58.5,1,3.96,12,1
qab,2021-12-01,5.8,72.9,1,2.38,12,1
rab,2021-12-01,-6.9,64.1,1,1.58,12,1
sab,2021-12-01,6,62.3,1,2.29,12,1
tab,2021-12-01,6.6,65.2,1,3.21,12,1
uab,2021-12-01,6.6,62.2,1.04,3.7,12,1
wab,2021-12-01,5.8,64.2,1,3.64,12,1
xab,2021-12-01,6.5,66.2,1,3.21,12,1
cbb,2021-12-01,5.8,64.2,1,3.64,12,1
dbb,2021-12-01,7.8,39.3,1,3.72,12,1
aab,2021-12-02,7.5,59.2,1,4.48,12,1
bab,2021-12-02,7.7,59.7,1,4.81,12,1
cab,2021-12-02,7.3,66.3,1,0.23,12,1
dab,2021-12-02,7.3,62.9,1,5.48,12,1
eab,2021-12-02,6.9,57.9,1,1.87,12,1
gab,2021-12-02,6.8,61.5,1,3.21,12,1
iab,2021-12-02,7.3,62.9,1,5.48,12,1
kab,2021-12-02,6.8,61.4,1,3.78,12,1
lab,2021-12-02,7.9,46.6,1,3.85,12,1
mab,2021-12-02,7.7,55.4,1,3,12,1
pab,2021-12-02,7.3,58.9,1,2.88,12,1
qab,2021-12-02,6.6,61.9,1,1.91,12,1
rab,2021-12-02,-7,60.4,1,1.25,12,1
sab,2021-12-02,6.9,57.9,1,1.87,12,1
tab,2021-12-02,6.8,61.4,1,3.78,12,1
uab,2021-12-02,7.5,57.3,1,4.68,12,1
wab,2021-12-02,6.8,61.5,1,3.21,12,1
xab,2021-12-02,7.8,58.4,1,3.05,12,1
cbb,2021-12-02,6.8,61.5,1,3.21,12,1
dbb,2021-12-02,7.9,46.6,1,3.85,12,1
aab,2021-12-03,9.1,54.8,1,4.94,12,1
bab,2021-12-03,10.1,50.3,1,5.69,12,1
cab,2021-12-03,10.2,55.2,1,1.11,12,1
dab,2021-12-03,9.9,53,1,7.91,12,1
eab,2021-12-03,9.2,53.3,1,2.62,12,1
gab,2021-12-03,9.2,54.3,1,5.49,12,1
iab,2021-12-03,9.9,53,1,7.91,12,1
kab,2021-12-03,9.1,56.6,1,4.12,12,1
lab,2021-12-03,10.2,37.7,1,4.18,12,1
mab,2021-12-03,10.3,48.7,1,5.78,12,1
pab,2021-12-03,9.9,52.2,1,4.17,12,1
qab,2021-12-03,7.9,58.2,1,2.14,12,1
rab,2021-12-03,9.1,54.5,1,1.88,12,1
sab,2021-12-03,9.2,53.3,1,2.62,12,1
tab,2021-12-03,9.1,56.6,1,4.12,12,1
uab,2021-12-03,8.8,54.7,1,5.23,12,1
wab,2021-12-03,9.2,54.3,1,5.49,12,1
xab,2021-12-03,9.7,54.5,1,4.42,12,1
cbb,2021-12-03,9.2,54.3,1,5.49,12,1
dbb,2021-12-03,10.2,37.7,1,4.18,12,1
aab,2021-12-04,10,49.3,1,7.38,12,1
bab,2021-12-04,11.2,48.4,1,8.82,12,1
cab,2021-12-04,10.7,55.6,1,2.33,12,1
dab,2021-12-04,10.3,51.6,1,10.23,12,1
eab,2021-12-04,8.6,52.4,1,2.92,12,1
gab,2021-12-04,8.9,56.3,1,5,12,1
iab,2021-12-04,10.3,51.6,1,10.23,12,1
kab,2021-12-04,8.6,54.2,1,4.47,12,1
lab,2021-12-04,9.9,41,1,4.67,12,1
mab,2021-12-04,9.4,50.4,1,5.62,12,1
pab,2021-12-04,10,50.9,1,6.04,12,1
qab,2021-12-04,9.7,51.4,1,3.4,12,1
rab,2021-12-04,8.6,54.1,1,2.33,12,1
sab,2021-12-04,8.6,52.4,1,2.92,12,1
tab,2021-12-04,8.6,54.2,1,4.47,12,1
uab,2021-12-04,10,49.5,1.02,6.65,12,1
wab,2021-12-04,8.9,56.3,1,5,12,1
xab,2021-12-04,10.5,49.9,1,6.36,12,1
cbb,2021-12-04,8.9,56.3,1,5,12,1
dbb,2021-12-04,9.9,41,1,4.67,12,1
aab,2021-12-05,8.2,57,1,3.88,12,2
bab,2021-12-05,8.5,49.1,1,9.16,12,2
cab,2021-12-05,6.2,63.9,0.83,2.17,12,2
dab,2021-12-05,7,59.5,1,9.75,12,2
eab,2021-12-05,7.4,64.7,1,1.65,12,2
gab,2021-12-05,8.3,57.9,1,4.33,12,2
iab,2021-12-05,7,59.5,1,9.75,12,2
kab,2021-12-05,7.6,57.9,1,4.29,12,2
lab,2021-12-05,7.5,64,1,2.05,12,2
mab,2021-12-05,8.3,62.3,1,2.71,12,2
pab,2021-12-05,7.2,66.7,1,1.42,12,2
qab,2021-12-05,7.7,65.6,1,1.5,12,2
rab,2021-12-05,6.9,64.4,1,1.1,12,2
sab,2021-12-05,7.4,64.7,1,1.65,12,2
tab,2021-12-05,7.6,57.9,1,4.29,12,2
uab,2021-12-05,8.4,58.4,1,4.25,12,2
wab,2021-12-05,8.3,57.9,1,4.33,12,2
xab,2021-12-05,8,61.5,1,1.75,12,2
cbb,2021-12-05,8.3,57.9,1,4.33,12,2
dbb,2021-12-05,7.5,64,1,2.05,12,2
aab,2021-12-06,10.6,61.7,1,6.92,12,2
bab,2021-12-06,8.8,60.3,1,6.43,12,2
cab,2021-12-06,6.8,75,0.85,2.07,12,2
dab,2021-12-06,8.7,68.6,1,8.1,12,2
eab,2021-12-06,10.2,62.6,1,3.23,12,2
gab,2021-12-06,10.1,59.2,1,6.39,12,2
iab,2021-12-06,8.7,68.6,1,8.1,12,2
kab,2021-12-06,10.1,63.6,1,4.9,12,2
lab,2021-12-06,9.4,66.2,1,3.81,12,2
mab,2021-12-06,10.7,59.7,1,7.5,12,2
pab,2021-12-06,10.3,63.6,1,6.21,12,2
qab,2021-12-06,9.4,68.8,1,3.17,12,2
rab,2021-12-06,9.2,62,1,3.06,12,2
sab,2021-12-06,10.2,62.6,1,3.23,12,2
tab,2021-12-06,10.1,63.6,1,4.9,12,2
uab,2021-12-06,9.2,69.5,1,4.21,12,2
wab,2021-12-06,10.1,59.2,1,6.39,12,2
xab,2021-12-06,10.6,62.7,1,5.5,12,2
cbb,2021-12-06,10.1,59.2,1,6.39,12,2
dbb,2021-12-06,9.4,66.2,1,3.81,12,2
aab,2021-12-07,10.9,51.2,1,7.17,12,2
bab,2021-12-07,9.4,58.8,1,7.89,12,2
cab,2021-12-07,8.2,72.5,1,2.74,12,2
dab,2021-12-07,9,65.9,1,8.98,12,2
eab,2021-12-07,10.2,40,1,3.15,12,2
gab,2021-12-07,10,53.1,1,6.71,12,2
iab,2021-12-07,9,65.9,1,8.98,12,2
kab,2021-12-07,10.3,58.3,1,4.75,12,2
lab,2021-12-07,10.7,39.4,1,4.19,12,2
mab,2021-12-07,11.1,35.7,1,7.16,12,2
pab,2021-12-07,10.6,49.4,1,5.42,12,2
qab,2021-12-07,9.8,53.9,1,2.71,12,2
rab,2021-12-07,10,42.4,1,3.02,12,2
sab,2021-12-07,10.2,40,1,3.15,12,2
tab,2021-12-07,10.3,58.3,1,4.75,12,2
uab,2021-12-07,10.2,53.9,1,5.88,12,2
wab,2021-12-07,10,53.1,1,6.71,12,2
xab,2021-12-07,11,51.4,1,6.61,12,2
cbb,2021-12-07,10,53.1,1,6.71,12,2
dbb,2021-12-07,10.7,39.4,1,4.19,12,2
aab,2021-12-08,11.1,57.3,1,6.5,12,2
bab,2021-12-08,8.9,57.3,1,7.95,12,2
cab,2021-12-08,6.5,74.5,0.85,2.62,12,2
dab,2021-12-08,8.1,65.3,1,8.81,12,2
eab,2021-12-08,9.8,49.4,1,3,12,2
gab,2021-12-08,10,49.7,1,6.96,12,2
iab,2021-12-08,8.1,65.3,1,8.81,12,2
kab,2021-12-08,10.1,61.7,1,4.5,12,2
lab,2021-12-08,12.3,46.5,1,5.74,12,2
mab,2021-12-08,9.9,46.2,1,7,12,2
pab,2021-12-08,11.4,54.2,1,5.67,12,2
qab,2021-12-08,9.9,63.9,1,2.76,12,2
rab,2021-12-08,8.9,50.2,1,2.94,12,2
sab,2021-12-08,9.8,49.4,1,3,12,2
tab,2021-12-08,10.1,61.7,1,4.5,12,2
uab,2021-12-08,10.4,59.8,1,7.47,12,2
wab,2021-12-08,10,49.7,1,6.96,12,2
xab,2021-12-08,7,71.1,1,0,12,2
cbb,2021-12-08,10,49.7,1,6.96,12,2
dbb,2021-12-08,12.3,46.5,1,5.74,12,2
aab,2021-12-09,13.3,59.9,1,7,12,2
bab,2021-12-09,12.1,67,1,6.41,12,2
cab,2021-12-09,9.9,81.4,0.94,1.75,12,2
dab,2021-12-09,10.4,74.6,1,3.78,12,2
eab,2021-12-09,14,51.5,1,4.23,12,2
gab,2021-12-09,11.7,57,1,6.9,12,2
iab,2021-12-09,10.4,74.6,1,3.78,12,2
kab,2021-12-09,13.9,60.6,1,3.91,12,2
lab,2021-12-09,14.4,50,1,7.24,12,2
mab,2021-12-09,15,51.1,1,9.31,12,2
pab,2021-12-09,13.8,61.1,1,4.62,12,2
qab,2021-12-09,12.2,67.3,1,3.92,12,2
rab,2021-12-09,13.2,54.1,1,2.92,12,2
sab,2021-12-09,14,51.5,1,4.23,12,2
tab,2021-12-09,13.9,60.6,1,3.91,12,2
uab,2021-12-09,12.8,63.4,1,7.61,12,2
wab,2021-12-09,11.7,57,1,6.9,12,2
xab,2021-12-09,16.3,57.4,1,8.89,12,2
yab,2021-12-09,16.8,51.1,1,9.83,12,2
bbb,2021-12-09,16.4,52.5,1,11.69,12,2
cbb,2021-12-09,11.7,57,1,6.9,12,2
dbb,2021-12-09,14.4,50,1,7.24,12,2
