,farm_id,sensing_at,temp,humi,light,press,month,week,no,latitude,longitude,area,is_wifi,is_power,research_year,slope,maintenance,mulching,umbrella,spring_cooler,drip_hose,frost_fan,windscreent,monthweek
1,aab,11/23/2021,8.8,55.1,1,6.06,11,4,1,33.301765,126.751244,2500,Y,Y,2021,0,Y,Y,Y,Y,Y,Y,Y,4-Nov
2,aab,12/7/2021,10.9,51.2,1,7.17,12,2,1,33.301765,126.751244,2500,Y,Y,2021,0,Y,Y,Y,Y,Y,Y,Y,2-Dec
3,aab,12/6/2021,10.6,61.7,1,6.92,12,2,1,33.301765,126.751244,2500,Y,Y,2021,0,Y,Y,Y,Y,Y,Y,Y,2-Dec
4,aab,11/30/2021,12,77.8,1,1.58,11,5,1,33.301765,126.751244,2500,Y,Y,2021,0,Y,Y,Y,Y,Y,Y,Y,5-Nov
5,aab,11/27/2021,9,51.2,1,7.18,11,4,1,33.301765,126.751244,2500,Y,Y,2021,0,Y,Y,Y,Y,Y,Y,Y,4-Nov
6,aab,12/4/2021,10,49.3,1,7.38,12,1,1,33.301765,126.751244,2500,Y,Y,2021,0,Y,Y,Y,Y,Y,Y,Y,1-Dec
7,aab,12/8/2021,11.1,57.3,1,6.5,12,2,1,33.301765,126.751244,2500,Y,Y,2021,0,Y,Y,Y,Y,Y,Y,Y,2-Dec
8,aab,11/21/2021,15.1,68.7,1,4.04,11,4,1,33.301765,126.751244,2500,Y,Y,2021,0,Y,Y,Y,Y,Y,Y,Y,4-Nov
9,aab,12/1/2021,6.5,63.7,1,4.48,12,1,1,33.301765,126.751244,2500,Y,Y,2021,0,Y,Y,Y,Y,Y,Y,Y,1-Dec
10,aab,11/19/2021,12.3,52.9,1,7.4,11,3,1,33.301765,126.751244,2500,Y,Y,2021,0,Y,Y,Y,Y,Y,Y,Y,3-Nov
11,aab,12/5/2021,8.2,57,1,3.88,12,2,1,33.301765,126.751244,2500,Y,Y,2021,0,Y,Y,Y,Y,Y,Y,Y,2-Dec
12,aab,12/9/2021,13.3,59.9,1,7,12,2,1,33.301765,126.751244,2500,Y,Y,2021,0,Y,Y,Y,Y,Y,Y,Y,2-Dec
13,aab,12/2/2021,7.5,59.2,1,4.48,12,1,1,33.301765,126.751244,2500,Y,Y,2021,0,Y,Y,Y,Y,Y,Y,Y,1-Dec
14,aab,11/20/2021,14,56,1,6.97,11,3,1,33.301765,126.751244,2500,Y,Y,2021,0,Y,Y,Y,Y,Y,Y,Y,3-Nov
15,aab,12/3/2021,9.1,54.8,1,4.94,12,1,1,33.301765,126.751244,2500,Y,Y,2021,0,Y,Y,Y,Y,Y,Y,Y,1-Dec
16,aab,11/24/2021,10.1,49.6,1,6.47,11,4,1,33.301765,126.751244,2500,Y,Y,2021,0,Y,Y,Y,Y,Y,Y,Y,4-Nov
17,aab,11/28/2021,10,57.2,1,6.49,11,5,1,33.301765,126.751244,2500,Y,Y,2021,0,Y,Y,Y,Y,Y,Y,Y,5-Nov
18,aab,11/26/2021,10.9,53.9,1,6.99,11,4,1,33.301765,126.751244,2500,Y,Y,2021,0,Y,Y,Y,Y,Y,Y,Y,4-Nov
19,aab,11/29/2021,11.9,60.8,1,7.39,11,5,1,33.301765,126.751244,2500,Y,Y,2021,0,Y,Y,Y,Y,Y,Y,Y,5-Nov
20,aab,11/18/2021,13,50.7,1,7.12,11,3,1,33.301765,126.751244,2500,Y,Y,2021,0,Y,Y,Y,Y,Y,Y,Y,3-Nov
21,aab,11/17/2021,15.2,45.9,1,9.11,11,3,1,33.301765,126.751244,2500,Y,Y,2021,0,Y,Y,Y,Y,Y,Y,Y,3-Nov
22,aab,11/22/2021,10.3,59.8,1,6.56,11,4,1,33.301765,126.751244,2500,Y,Y,2021,0,Y,Y,Y,Y,Y,Y,Y,4-Nov
23,aab,11/25/2021,11.3,55.1,1,6.85,11,4,1,33.301765,126.751244,2500,Y,Y,2021,0,Y,Y,Y,Y,Y,Y,Y,4-Nov
24,bab,12/1/2021,6.6,60.8,1,2.87,12,1,2,33.322098,126.755608,3200,Y,Y,2021,0,Y,Y,Y,Y,Y,Y,Y,1-Dec
25,bab,12/4/2021,11.2,48.4,1,8.82,12,1,2,33.322098,126.755608,3200,Y,Y,2021,0,Y,Y,Y,Y,Y,Y,Y,1-Dec
26,bab,12/6/2021,8.8,60.3,1,6.43,12,2,2,33.322098,126.755608,3200,Y,Y,2021,0,Y,Y,Y,Y,Y,Y,Y,2-Dec
27,bab,12/2/2021,7.7,59.7,1,4.81,12,1,2,33.322098,126.755608,3200,Y,Y,2021,0,Y,Y,Y,Y,Y,Y,Y,1-Dec
28,bab,12/7/2021,9.4,58.8,1,7.89,12,2,2,33.322098,126.755608,3200,Y,Y,2021,0,Y,Y,Y,Y,Y,Y,Y,2-Dec
29,bab,12/9/2021,12.1,67,1,6.41,12,2,2,33.322098,126.755608,3200,Y,Y,2021,0,Y,Y,Y,Y,Y,Y,Y,2-Dec
30,bab,11/29/2021,12.3,59,1,9.63,11,5,2,33.322098,126.755608,3200,Y,Y,2021,0,Y,Y,Y,Y,Y,Y,Y,5-Nov
31,bab,11/17/2021,16.1,39.9,1,17.9,11,3,2,33.322098,126.755608,3200,Y,Y,2021,0,Y,Y,Y,Y,Y,Y,Y,3-Nov
32,bab,11/26/2021,8.8,54.6,1,9.48,11,4,2,33.322098,126.755608,3200,Y,Y,2021,0,Y,Y,Y,Y,Y,Y,Y,4-Nov
33,bab,12/5/2021,8.5,49.1,1,9.16,12,2,2,33.322098,126.755608,3200,Y,Y,2021,0,Y,Y,Y,Y,Y,Y,Y,2-Dec
34,bab,11/30/2021,10.2,78.8,1,1.58,11,5,2,33.322098,126.755608,3200,Y,Y,2021,0,Y,Y,Y,Y,Y,Y,Y,5-Nov
35,bab,11/21/2021,14.5,67.6,1,5.9,11,4,2,33.322098,126.755608,3200,Y,Y,2021,0,Y,Y,Y,Y,Y,Y,Y,4-Nov
36,bab,11/23/2021,8.6,51.1,1,3.28,11,4,2,33.322098,126.755608,3200,Y,Y,2021,0,Y,Y,Y,Y,Y,Y,Y,4-Nov
37,bab,11/19/2021,9.4,53.2,1,7.33,11,3,2,33.322098,126.755608,3200,Y,Y,2021,0,Y,Y,Y,Y,Y,Y,Y,3-Nov
38,bab,11/25/2021,12.2,49.9,1,10.43,11,4,2,33.322098,126.755608,3200,Y,Y,2021,0,Y,Y,Y,Y,Y,Y,Y,4-Nov
39,bab,11/18/2021,11.7,49.9,1,9.19,11,3,2,33.322098,126.755608,3200,Y,Y,2021,0,Y,Y,Y,Y,Y,Y,Y,3-Nov
40,bab,11/27/2021,8.4,53.5,1,10.34,11,4,2,33.322098,126.755608,3200,Y,Y,2021,0,Y,Y,Y,Y,Y,Y,Y,4-Nov
41,bab,11/20/2021,11.2,58.3,1,8.65,11,3,2,33.322098,126.755608,3200,Y,Y,2021,0,Y,Y,Y,Y,Y,Y,Y,3-Nov
42,bab,12/3/2021,10.1,50.3,1,5.69,12,1,2,33.322098,126.755608,3200,Y,Y,2021,0,Y,Y,Y,Y,Y,Y,Y,1-Dec
43,bab,11/22/2021,9.4,60.1,1,4.3,11,4,2,33.322098,126.755608,3200,Y,Y,2021,0,Y,Y,Y,Y,Y,Y,Y,4-Nov
44,bab,11/24/2021,10.6,44.6,1,6.86,11,4,2,33.322098,126.755608,3200,Y,Y,2021,0,Y,Y,Y,Y,Y,Y,Y,4-Nov
45,bab,12/8/2021,8.9,57.3,1,7.95,12,2,2,33.322098,126.755608,3200,Y,Y,2021,0,Y,Y,Y,Y,Y,Y,Y,2-Dec
46,bab,11/28/2021,12.2,53.5,1,12.02,11,5,2,33.322098,126.755608,3200,Y,Y,2021,0,Y,Y,Y,Y,Y,Y,Y,5-Nov
47,bbb,12/9/2021,16.4,52.5,1,11.69,12,2,28,33.267059,126.433563,10000,Y,Y,2021,0,Y,Y,Y,N,N,Y,Y,2-Dec
48,cab,11/7/2021,16.8,72.2,1,0,11,2,3,33.494034,126.554565,7800,N,Y,2021,0,Y,Y,Y,Y,Y,Y,Y,2-Nov
49,cab,11/21/2021,13.5,78.4,1,0,11,4,3,33.494034,126.554565,7800,N,Y,2021,0,Y,Y,Y,Y,Y,Y,Y,4-Nov
50,cab,11/11/2021,11.8,71.2,1,0.75,11,2,3,33.494034,126.554565,7800,N,Y,2021,0,Y,Y,Y,Y,Y,Y,Y,2-Nov
51,cab,11/8/2021,12.6,75.2,1,0.69,11,2,3,33.494034,126.554565,7800,N,Y,2021,0,Y,Y,Y,Y,Y,Y,Y,2-Nov
52,cab,11/25/2021,10.8,64.5,1,0,11,4,3,33.494034,126.554565,7800,N,Y,2021,0,Y,Y,Y,Y,Y,Y,Y,4-Nov
53,cab,11/27/2021,8.4,60.4,1,2.97,11,4,3,33.494034,126.554565,7800,N,Y,2021,0,Y,Y,Y,Y,Y,Y,Y,4-Nov
54,cab,12/9/2021,9.9,81.4,0.94,1.75,12,2,3,33.494034,126.554565,7800,N,Y,2021,0,Y,Y,Y,Y,Y,Y,Y,2-Dec
55,cab,12/3/2021,10.2,55.2,1,1.11,12,1,3,33.494034,126.554565,7800,N,Y,2021,0,Y,Y,Y,Y,Y,Y,Y,1-Dec
56,cab,12/1/2021,6.6,65.2,1,0,12,1,3,33.494034,126.554565,7800,N,Y,2021,0,Y,Y,Y,Y,Y,Y,Y,1-Dec
57,cab,12/5/2021,6.2,63.9,0.83,2.17,12,2,3,33.494034,126.554565,7800,N,Y,2021,0,Y,Y,Y,Y,Y,Y,Y,2-Dec
58,cab,11/9/2021,10.8,61,1,1.05,11,2,3,33.494034,126.554565,7800,N,Y,2021,0,Y,Y,Y,Y,Y,Y,Y,2-Nov
59,cab,11/17/2021,10.2,64.7,1,0,11,3,3,33.494034,126.554565,7800,N,Y,2021,0,Y,Y,Y,Y,Y,Y,Y,3-Nov
60,cab,11/26/2021,7.7,70.2,1,0,11,4,3,33.494034,126.554565,7800,N,Y,2021,0,Y,Y,Y,Y,Y,Y,Y,4-Nov
61,cab,11/28/2021,8.1,64.6,1,0,11,5,3,33.494034,126.554565,7800,N,Y,2021,0,Y,Y,Y,Y,Y,Y,Y,5-Nov
62,cab,12/4/2021,10.7,55.6,1,2.33,12,1,3,33.494034,126.554565,7800,N,Y,2021,0,Y,Y,Y,Y,Y,Y,Y,1-Dec
63,cab,11/30/2021,11.2,86.1,1,0.63,11,5,3,33.494034,126.554565,7800,N,Y,2021,0,Y,Y,Y,Y,Y,Y,Y,5-Nov
64,cab,11/16/2021,11.1,65,1,1.22,11,3,3,33.494034,126.554565,7800,N,Y,2021,0,Y,Y,Y,Y,Y,Y,Y,3-Nov
65,cab,11/23/2021,8.7,56.9,1,0,11,4,3,33.494034,126.554565,7800,N,Y,2021,0,Y,Y,Y,Y,Y,Y,Y,4-Nov
66,cab,11/18/2021,10.6,62.5,1,0,11,3,3,33.494034,126.554565,7800,N,Y,2021,0,Y,Y,Y,Y,Y,Y,Y,3-Nov
67,cab,11/14/2021,12.5,65.1,1,0.04,11,3,3,33.494034,126.554565,7800,N,Y,2021,0,Y,Y,Y,Y,Y,Y,Y,3-Nov
68,cab,11/20/2021,10.6,71.3,1,0,11,3,3,33.494034,126.554565,7800,N,Y,2021,0,Y,Y,Y,Y,Y,Y,Y,3-Nov
69,cab,11/22/2021,9.8,68.6,1,0,11,4,3,33.494034,126.554565,7800,N,Y,2021,0,Y,Y,Y,Y,Y,Y,Y,4-Nov
70,cab,11/12/2021,11.3,65.3,1,1.73,11,2,3,33.494034,126.554565,7800,N,Y,2021,0,Y,Y,Y,Y,Y,Y,Y,2-Nov
71,cab,11/10/2021,10.2,74,1,0.48,11,2,3,33.494034,126.554565,7800,N,Y,2021,0,Y,Y,Y,Y,Y,Y,Y,2-Nov
72,cab,11/24/2021,10.3,54.1,1,0,11,4,3,33.494034,126.554565,7800,N,Y,2021,0,Y,Y,Y,Y,Y,Y,Y,4-Nov
73,cab,11/15/2021,12,63.9,1,0,11,3,3,33.494034,126.554565,7800,N,Y,2021,0,Y,Y,Y,Y,Y,Y,Y,3-Nov
74,cab,11/19/2021,9,66,1,0,11,3,3,33.494034,126.554565,7800,N,Y,2021,0,Y,Y,Y,Y,Y,Y,Y,3-Nov
75,cab,11/13/2021,11.7,62.6,1,0.17,11,2,3,33.494034,126.554565,7800,N,Y,2021,0,Y,Y,Y,Y,Y,Y,Y,2-Nov
76,cab,12/6/2021,6.8,75,0.85,2.07,12,2,3,33.494034,126.554565,7800,N,Y,2021,0,Y,Y,Y,Y,Y,Y,Y,2-Dec
77,cab,12/2/2021,7.3,66.3,1,0.23,12,1,3,33.494034,126.554565,7800,N,Y,2021,0,Y,Y,Y,Y,Y,Y,Y,1-Dec
78,cab,11/29/2021,12.4,68.1,1,3.31,11,5,3,33.494034,126.554565,7800,N,Y,2021,0,Y,Y,Y,Y,Y,Y,Y,5-Nov
79,cab,12/7/2021,8.2,72.5,1,2.74,12,2,3,33.494034,126.554565,7800,N,Y,2021,0,Y,Y,Y,Y,Y,Y,Y,2-Dec
80,cab,12/8/2021,6.5,74.5,0.85,2.62,12,2,3,33.494034,126.554565,7800,N,Y,2021,0,Y,Y,Y,Y,Y,Y,Y,2-Dec
81,cbb,11/22/2021,8.8,63.6,1,3.31,11,4,29,33.271103,126.44664,9850,N,Y,2021,0,Y,Y,N,N,N,N,N,4-Nov
82,cbb,11/11/2021,11.3,67,1,6.14,11,2,29,33.271103,126.44664,9850,N,Y,2021,0,Y,Y,N,N,N,N,N,2-Nov
83,cbb,12/8/2021,10,49.7,1,6.96,12,2,29,33.271103,126.44664,9850,N,Y,2021,0,Y,Y,N,N,N,N,N,2-Dec
84,cbb,11/20/2021,13.7,45.6,1,6.53,11,3,29,33.271103,126.44664,9850,N,Y,2021,0,Y,Y,N,N,N,N,N,3-Nov
85,cbb,11/14/2021,12.5,55,1,6.9,11,3,29,33.271103,126.44664,9850,N,Y,2021,0,Y,Y,N,N,N,N,N,3-Nov
86,cbb,11/29/2021,13.2,55,1,7.03,11,5,29,33.271103,126.44664,9850,N,Y,2021,0,Y,Y,N,N,N,N,N,5-Nov
87,cbb,11/18/2021,12.7,42.7,1,7.22,11,3,29,33.271103,126.44664,9850,N,Y,2021,0,Y,Y,N,N,N,N,N,3-Nov
88,cbb,11/24/2021,9.3,51.9,1,4.65,11,4,29,33.271103,126.44664,9850,N,Y,2021,0,Y,Y,N,N,N,N,N,4-Nov
89,cbb,12/9/2021,11.7,57,1,6.9,12,2,29,33.271103,126.44664,9850,N,Y,2021,0,Y,Y,N,N,N,N,N,2-Dec
90,cbb,11/16/2021,12.3,50.6,1,3.8,11,3,29,33.271103,126.44664,9850,N,Y,2021,0,Y,Y,N,N,N,N,N,3-Nov
91,cbb,12/1/2021,5.8,64.2,1,3.64,12,1,29,33.271103,126.44664,9850,N,Y,2021,0,Y,Y,N,N,N,N,N,1-Dec
92,cbb,12/2/2021,6.8,61.5,1,3.21,12,1,29,33.271103,126.44664,9850,N,Y,2021,0,Y,Y,N,N,N,N,N,1-Dec
93,cbb,11/23/2021,7.4,58.1,1,2.03,11,4,29,33.271103,126.44664,9850,N,Y,2021,0,Y,Y,N,N,N,N,N,4-Nov
94,cbb,11/10/2021,9,73.3,1,2.8,11,2,29,33.271103,126.44664,9850,N,Y,2021,0,Y,Y,N,N,N,N,N,2-Nov
95,cbb,11/27/2021,9.6,49.4,1,6.96,11,4,29,33.271103,126.44664,9850,N,Y,2021,0,Y,Y,N,N,N,N,N,4-Nov
96,cbb,12/3/2021,9.2,54.3,1,5.49,12,1,29,33.271103,126.44664,9850,N,Y,2021,0,Y,Y,N,N,N,N,N,1-Dec
97,cbb,11/26/2021,10.6,46.6,1,7.26,11,4,29,33.271103,126.44664,9850,N,Y,2021,0,Y,Y,N,N,N,N,N,4-Nov
98,cbb,11/21/2021,15.3,64.8,1,3.22,11,4,29,33.271103,126.44664,9850,N,Y,2021,0,Y,Y,N,N,N,N,N,4-Nov
99,cbb,11/13/2021,11.4,55.2,1,6.12,11,2,29,33.271103,126.44664,9850,N,Y,2021,0,Y,Y,N,N,N,N,N,2-Nov
100,cbb,12/7/2021,10,53.1,1,6.71,12,2,29,33.271103,126.44664,9850,N,Y,2021,0,Y,Y,N,N,N,N,N,2-Dec
101,cbb,11/25/2021,10.4,57.9,1,6.06,11,4,29,33.271103,126.44664,9850,N,Y,2021,0,Y,Y,N,N,N,N,N,4-Nov
102,cbb,11/19/2021,12.7,41.8,1,8.02,11,3,29,33.271103,126.44664,9850,N,Y,2021,0,Y,Y,N,N,N,N,N,3-Nov
103,cbb,12/4/2021,8.9,56.3,1,5,12,1,29,33.271103,126.44664,9850,N,Y,2021,0,Y,Y,N,N,N,N,N,1-Dec
104,cbb,11/17/2021,12.7,41.5,1,6.94,11,3,29,33.271103,126.44664,9850,N,Y,2021,0,Y,Y,N,N,N,N,N,3-Nov
105,cbb,11/9/2021,9.3,63.6,1,2.66,11,2,29,33.271103,126.44664,9850,N,Y,2021,0,Y,Y,N,N,N,N,N,2-Nov
106,cbb,11/30/2021,10.4,81.2,1,1.12,11,5,29,33.271103,126.44664,9850,N,Y,2021,0,Y,Y,N,N,N,N,N,5-Nov
107,cbb,11/12/2021,10.5,61,1,5.51,11,2,29,33.271103,126.44664,9850,N,Y,2021,0,Y,Y,N,N,N,N,N,2-Nov
108,cbb,11/28/2021,10.2,51.9,1,6.65,11,5,29,33.271103,126.44664,9850,N,Y,2021,0,Y,Y,N,N,N,N,N,5-Nov
109,cbb,11/15/2021,12.1,56.6,1,6.9,11,3,29,33.271103,126.44664,9850,N,Y,2021,0,Y,Y,N,N,N,N,N,3-Nov
110,cbb,12/5/2021,8.3,57.9,1,4.33,12,2,29,33.271103,126.44664,9850,N,Y,2021,0,Y,Y,N,N,N,N,N,2-Dec
111,cbb,12/6/2021,10.1,59.2,1,6.39,12,2,29,33.271103,126.44664,9850,N,Y,2021,0,Y,Y,N,N,N,N,N,2-Dec
112,dab,11/25/2021,11.8,58.5,1,12.04,11,4,4,33.515385,126.605324,3000,N,Y,2021,0,Y,Y,Y,Y,Y,Y,Y,4-Nov
113,dab,11/18/2021,11.7,61,1,11.96,11,3,4,33.515385,126.605324,3000,N,Y,2021,0,Y,Y,Y,Y,Y,Y,Y,3-Nov
114,dab,11/8/2021,13,75,1,2.68,11,2,4,33.515385,126.605324,3000,N,Y,2021,0,Y,Y,Y,Y,Y,Y,Y,2-Nov
115,dab,12/5/2021,7,59.5,1,9.75,12,2,4,33.515385,126.605324,3000,N,Y,2021,0,Y,Y,Y,Y,Y,Y,Y,2-Dec
116,dab,11/9/2021,10.6,58.5,1,7.23,11,2,4,33.515385,126.605324,3000,N,Y,2021,0,Y,Y,Y,Y,Y,Y,Y,2-Nov
117,dab,11/16/2021,11,66.4,1,9.94,11,3,4,33.515385,126.605324,3000,N,Y,2021,0,Y,Y,Y,Y,Y,Y,Y,3-Nov
118,dab,11/17/2021,11.1,63.4,1,11.73,11,3,4,33.515385,126.605324,3000,N,Y,2021,0,Y,Y,Y,Y,Y,Y,Y,3-Nov
119,dab,11/26/2021,9,64.1,1,11.87,11,4,4,33.515385,126.605324,3000,N,Y,2021,0,Y,Y,Y,Y,Y,Y,Y,4-Nov
120,dab,11/7/2021,16.2,69.3,1,0,11,2,4,33.515385,126.605324,3000,N,Y,2021,0,Y,Y,Y,Y,Y,Y,Y,2-Nov
121,dab,11/24/2021,10.8,49.6,1,11.03,11,4,4,33.515385,126.605324,3000,N,Y,2021,0,Y,Y,Y,Y,Y,Y,Y,4-Nov
122,dab,12/2/2021,7.3,62.9,1,5.48,12,1,4,33.515385,126.605324,3000,N,Y,2021,0,Y,Y,Y,Y,Y,Y,Y,1-Dec
123,dab,11/11/2021,12,65.4,1,9.42,11,2,4,33.515385,126.605324,3000,N,Y,2021,0,Y,Y,Y,Y,Y,Y,Y,2-Nov
124,dab,11/23/2021,8.6,54.9,1,5.9,11,4,4,33.515385,126.605324,3000,N,Y,2021,0,Y,Y,Y,Y,Y,Y,Y,4-Nov
125,dab,11/10/2021,9.8,71.9,1,4.58,11,2,4,33.515385,126.605324,3000,N,Y,2021,0,Y,Y,Y,Y,Y,Y,Y,2-Nov
126,dab,12/9/2021,10.4,74.6,1,3.78,12,2,4,33.515385,126.605324,3000,N,Y,2021,0,Y,Y,Y,Y,Y,Y,Y,2-Dec
127,dab,12/1/2021,6.5,61.9,1,5.6,12,1,4,33.515385,126.605324,3000,N,Y,2021,0,Y,Y,Y,Y,Y,Y,Y,1-Dec
128,dab,11/12/2021,11,62.4,1,10.02,11,2,4,33.515385,126.605324,3000,N,Y,2021,0,Y,Y,Y,Y,Y,Y,Y,2-Nov
129,dab,12/8/2021,8.1,65.3,1,8.81,12,2,4,33.515385,126.605324,3000,N,Y,2021,0,Y,Y,Y,Y,Y,Y,Y,2-Dec
130,dab,11/30/2021,11.1,83.4,1,1.65,11,5,4,33.515385,126.605324,3000,N,Y,2021,0,Y,Y,Y,Y,Y,Y,Y,5-Nov
131,dab,12/4/2021,10.3,51.6,1,10.23,12,1,4,33.515385,126.605324,3000,N,Y,2021,0,Y,Y,Y,Y,Y,Y,Y,1-Dec
132,dab,11/15/2021,11.9,63.2,1,11.54,11,3,4,33.515385,126.605324,3000,N,Y,2021,0,Y,Y,Y,Y,Y,Y,Y,3-Nov
133,dab,12/3/2021,9.9,53,1,7.91,12,1,4,33.515385,126.605324,3000,N,Y,2021,0,Y,Y,Y,Y,Y,Y,Y,1-Dec
134,dab,12/7/2021,9,65.9,1,8.98,12,2,4,33.515385,126.605324,3000,N,Y,2021,0,Y,Y,Y,Y,Y,Y,Y,2-Dec
135,dab,11/21/2021,14.8,72.1,1,8.26,11,4,4,33.515385,126.605324,3000,N,Y,2021,0,Y,Y,Y,Y,Y,Y,Y,4-Nov
136,dab,12/6/2021,8.7,68.6,1,8.1,12,2,4,33.515385,126.605324,3000,N,Y,2021,0,Y,Y,Y,Y,Y,Y,Y,2-Dec
137,dab,11/28/2021,10.3,60.4,1,11.71,11,5,4,33.515385,126.605324,3000,N,Y,2021,0,Y,Y,Y,Y,Y,Y,Y,5-Nov
138,dab,11/20/2021,12,68.6,1,11.79,11,3,4,33.515385,126.605324,3000,N,Y,2021,0,Y,Y,Y,Y,Y,Y,Y,3-Nov
139,dab,11/29/2021,13.3,67,1,11.35,11,5,4,33.515385,126.605324,3000,N,Y,2021,0,Y,Y,Y,Y,Y,Y,Y,5-Nov
140,dab,11/22/2021,9.7,63.3,1,6.09,11,4,4,33.515385,126.605324,3000,N,Y,2021,0,Y,Y,Y,Y,Y,Y,Y,4-Nov
141,dab,11/27/2021,7.8,59.8,1,11.85,11,4,4,33.515385,126.605324,3000,N,Y,2021,0,Y,Y,Y,Y,Y,Y,Y,4-Nov
142,dab,11/19/2021,10.9,59.8,1,12.59,11,3,4,33.515385,126.605324,3000,N,Y,2021,0,Y,Y,Y,Y,Y,Y,Y,3-Nov
143,dab,11/13/2021,12.5,57,1,12.08,11,2,4,33.515385,126.605324,3000,N,Y,2021,0,Y,Y,Y,Y,Y,Y,Y,2-Nov
144,dab,11/14/2021,13.5,58.3,1,12.44,11,3,4,33.515385,126.605324,3000,N,Y,2021,0,Y,Y,Y,Y,Y,Y,Y,3-Nov
145,dbb,11/22/2021,12,54.2,1,6.07,11,4,30,33.355137,126.848625,2500,N,Y,2021,2,Y,Y,N,Y,N,N,N,4-Nov
146,dbb,11/21/2021,15.8,64.8,1,5.02,11,4,30,33.355137,126.848625,2500,N,Y,2021,2,Y,Y,N,Y,N,N,N,4-Nov
147,dbb,11/16/2021,12.8,55.8,1,6.12,11,3,30,33.355137,126.848625,2500,N,Y,2021,2,Y,Y,N,Y,N,N,N,3-Nov
148,dbb,11/23/2021,7.2,57.7,1,3.74,11,4,30,33.355137,126.848625,2500,N,Y,2021,2,Y,Y,N,Y,N,N,N,4-Nov
149,dbb,12/9/2021,14.4,50,1,7.24,12,2,30,33.355137,126.848625,2500,N,Y,2021,2,Y,Y,N,Y,N,N,N,2-Dec
150,dbb,11/11/2021,13,54,1,7.89,11,2,30,33.355137,126.848625,2500,N,Y,2021,2,Y,Y,N,Y,N,N,N,2-Nov
151,dbb,11/12/2021,11.3,54.5,1,6.66,11,2,30,33.355137,126.848625,2500,N,Y,2021,2,Y,Y,N,Y,N,N,N,2-Nov
152,dbb,11/20/2021,14.7,49.8,1,6.58,11,3,30,33.355137,126.848625,2500,N,Y,2021,2,Y,Y,N,Y,N,N,N,3-Nov
153,dbb,11/13/2021,12.2,55.3,1,8.34,11,2,30,33.355137,126.848625,2500,N,Y,2021,2,Y,Y,N,Y,N,N,N,2-Nov
154,dbb,11/10/2021,11.3,59.7,1,6.01,11,2,30,33.355137,126.848625,2500,N,Y,2021,2,Y,Y,N,Y,N,N,N,2-Nov
155,dbb,11/28/2021,12,61.9,1,5.12,11,5,30,33.355137,126.848625,2500,N,Y,2021,2,Y,Y,N,Y,N,N,N,5-Nov
156,dbb,11/19/2021,13.6,45.1,1,8.89,11,3,30,33.355137,126.848625,2500,N,Y,2021,2,Y,Y,N,Y,N,N,N,3-Nov
157,dbb,11/30/2021,13.2,66,1,2.98,11,5,30,33.355137,126.848625,2500,N,Y,2021,2,Y,Y,N,Y,N,N,N,5-Nov
158,dbb,11/17/2021,13.3,48.8,1,7.33,11,3,30,33.355137,126.848625,2500,N,Y,2021,2,Y,Y,N,Y,N,N,N,3-Nov
159,dbb,11/14/2021,14.1,51.1,1,7.75,11,3,30,33.355137,126.848625,2500,N,Y,2021,2,Y,Y,N,Y,N,N,N,3-Nov
160,dbb,11/26/2021,13.1,45.1,1,6.92,11,4,30,33.355137,126.848625,2500,N,Y,2021,2,Y,Y,N,Y,N,N,N,4-Nov
161,dbb,12/3/2021,10.2,37.7,1,4.18,12,1,30,33.355137,126.848625,2500,N,Y,2021,2,Y,Y,N,Y,N,N,N,1-Dec
162,dbb,12/5/2021,7.5,64,1,2.05,12,2,30,33.355137,126.848625,2500,N,Y,2021,2,Y,Y,N,Y,N,N,N,2-Dec
163,dbb,11/29/2021,13,63.3,1,5.23,11,5,30,33.355137,126.848625,2500,N,Y,2021,2,Y,Y,N,Y,N,N,N,5-Nov
164,dbb,12/1/2021,7.8,39.3,1,3.72,12,1,30,33.355137,126.848625,2500,N,Y,2021,2,Y,Y,N,Y,N,N,N,1-Dec
165,dbb,11/24/2021,10,53.4,1,6.83,11,4,30,33.355137,126.848625,2500,N,Y,2021,2,Y,Y,N,Y,N,N,N,4-Nov
166,dbb,11/15/2021,11.9,59.6,1,7.16,11,3,30,33.355137,126.848625,2500,N,Y,2021,2,Y,Y,N,Y,N,N,N,3-Nov
167,dbb,12/4/2021,9.9,41,1,4.67,12,1,30,33.355137,126.848625,2500,N,Y,2021,2,Y,Y,N,Y,N,N,N,1-Dec
168,dbb,12/8/2021,12.3,46.5,1,5.74,12,2,30,33.355137,126.848625,2500,N,Y,2021,2,Y,Y,N,Y,N,N,N,2-Dec
169,dbb,11/18/2021,12.8,54.9,1,6.76,11,3,30,33.355137,126.848625,2500,N,Y,2021,2,Y,Y,N,Y,N,N,N,3-Nov
170,dbb,12/2/2021,7.9,46.6,1,3.85,12,1,30,33.355137,126.848625,2500,N,Y,2021,2,Y,Y,N,Y,N,N,N,1-Dec
171,dbb,11/9/2021,11.1,54.7,1,7.1,11,2,30,33.355137,126.848625,2500,N,Y,2021,2,Y,Y,N,Y,N,N,N,2-Nov
172,dbb,12/6/2021,9.4,66.2,1,3.81,12,2,30,33.355137,126.848625,2500,N,Y,2021,2,Y,Y,N,Y,N,N,N,2-Dec
173,dbb,11/27/2021,9.3,52.9,1,5.71,11,4,30,33.355137,126.848625,2500,N,Y,2021,2,Y,Y,N,Y,N,N,N,4-Nov
174,dbb,11/8/2021,10.7,60.4,1,5.24,11,2,30,33.355137,126.848625,2500,N,Y,2021,2,Y,Y,N,Y,N,N,N,2-Nov
175,dbb,11/25/2021,13.3,47.8,1,6.9,11,4,30,33.355137,126.848625,2500,N,Y,2021,2,Y,Y,N,Y,N,N,N,4-Nov
176,dbb,12/7/2021,10.7,39.4,1,4.19,12,2,30,33.355137,126.848625,2500,N,Y,2021,2,Y,Y,N,Y,N,N,N,2-Dec
177,eab,12/2/2021,6.9,57.9,1,1.87,12,1,5,33.354404,126.853226,3200,N,Y,2021,2,Y,Y,Y,Y,Y,Y,N,1-Dec
178,eab,11/17/2021,13.1,51,1,3.44,11,3,5,33.354404,126.853226,3200,N,Y,2021,2,Y,Y,Y,Y,Y,Y,N,3-Nov
179,eab,11/16/2021,10.9,63.4,1,1.93,11,3,5,33.354404,126.853226,3200,N,Y,2021,2,Y,Y,Y,Y,Y,Y,N,3-Nov
180,eab,11/13/2021,11.5,53.6,1,2.95,11,2,5,33.354404,126.853226,3200,N,Y,2021,2,Y,Y,Y,Y,Y,Y,N,2-Nov
181,eab,11/30/2021,10.9,78.8,1,0.96,11,5,5,33.354404,126.853226,3200,N,Y,2021,2,Y,Y,Y,Y,Y,Y,N,5-Nov
182,eab,12/6/2021,10.2,62.6,1,3.23,12,2,5,33.354404,126.853226,3200,N,Y,2021,2,Y,Y,Y,Y,Y,Y,N,2-Dec
183,eab,12/4/2021,8.6,52.4,1,2.92,12,1,5,33.354404,126.853226,3200,N,Y,2021,2,Y,Y,Y,Y,Y,Y,N,1-Dec
184,eab,11/25/2021,10.9,52.1,1,2.72,11,4,5,33.354404,126.853226,3200,N,Y,2021,2,Y,Y,Y,Y,Y,Y,N,4-Nov
185,eab,11/14/2021,13.2,53.7,1,2.73,11,3,5,33.354404,126.853226,3200,N,Y,2021,2,Y,Y,Y,Y,Y,Y,N,3-Nov
186,eab,11/18/2021,13,48.3,1,3.02,11,3,5,33.354404,126.853226,3200,N,Y,2021,2,Y,Y,Y,Y,Y,Y,N,3-Nov
187,eab,12/8/2021,9.8,49.4,1,3,12,2,5,33.354404,126.853226,3200,N,Y,2021,2,Y,Y,Y,Y,Y,Y,N,2-Dec
188,eab,11/15/2021,13,55.7,1,3.44,11,3,5,33.354404,126.853226,3200,N,Y,2021,2,Y,Y,Y,Y,Y,Y,N,3-Nov
189,eab,11/27/2021,9.7,46.9,1,3.23,11,4,5,33.354404,126.853226,3200,N,Y,2021,2,Y,Y,Y,Y,Y,Y,N,4-Nov
190,eab,11/22/2021,9.7,55.3,1,2.78,11,4,5,33.354404,126.853226,3200,N,Y,2021,2,Y,Y,Y,Y,Y,Y,N,4-Nov
191,eab,11/9/2021,7.5,70.9,1,0,11,2,5,33.354404,126.853226,3200,N,Y,2021,2,Y,Y,Y,Y,Y,Y,N,2-Nov
192,eab,11/24/2021,8.8,51.7,1,1.26,11,4,5,33.354404,126.853226,3200,N,Y,2021,2,Y,Y,Y,Y,Y,Y,N,4-Nov
193,eab,11/26/2021,11.5,38.2,1,3.19,11,4,5,33.354404,126.853226,3200,N,Y,2021,2,Y,Y,Y,Y,Y,Y,N,4-Nov
194,eab,11/19/2021,12.5,46.9,1,3.2,11,3,5,33.354404,126.853226,3200,N,Y,2021,2,Y,Y,Y,Y,Y,Y,N,3-Nov
195,eab,11/23/2021,7.4,56.2,1,1.66,11,4,5,33.354404,126.853226,3200,N,Y,2021,2,Y,Y,Y,Y,Y,Y,N,4-Nov
196,eab,12/3/2021,9.2,53.3,1,2.62,12,1,5,33.354404,126.853226,3200,N,Y,2021,2,Y,Y,Y,Y,Y,Y,N,1-Dec
197,eab,11/28/2021,12,50,1,3.31,11,5,5,33.354404,126.853226,3200,N,Y,2021,2,Y,Y,Y,Y,Y,Y,N,5-Nov
198,eab,11/11/2021,11.7,61.8,1,2.8,11,2,5,33.354404,126.853226,3200,N,Y,2021,2,Y,Y,Y,Y,Y,Y,N,2-Nov
199,eab,12/5/2021,7.4,64.7,1,1.65,12,2,5,33.354404,126.853226,3200,N,Y,2021,2,Y,Y,Y,Y,Y,Y,N,2-Dec
200,eab,11/10/2021,8.8,71.6,1,1.29,11,2,5,33.354404,126.853226,3200,N,Y,2021,2,Y,Y,Y,Y,Y,Y,N,2-Nov
201,eab,11/29/2021,14,55.1,1,3.23,11,5,5,33.354404,126.853226,3200,N,Y,2021,2,Y,Y,Y,Y,Y,Y,N,5-Nov
202,eab,11/20/2021,13.7,49.6,1,3.17,11,3,5,33.354404,126.853226,3200,N,Y,2021,2,Y,Y,Y,Y,Y,Y,N,3-Nov
203,eab,12/9/2021,14,51.5,1,4.23,12,2,5,33.354404,126.853226,3200,N,Y,2021,2,Y,Y,Y,Y,Y,Y,N,2-Dec
204,eab,11/21/2021,15.4,62.4,1,1.68,11,4,5,33.354404,126.853226,3200,N,Y,2021,2,Y,Y,Y,Y,Y,Y,N,4-Nov
205,eab,11/12/2021,10.2,61,1,2.94,11,2,5,33.354404,126.853226,3200,N,Y,2021,2,Y,Y,Y,Y,Y,Y,N,2-Nov
206,eab,12/1/2021,6,62.3,1,2.29,12,1,5,33.354404,126.853226,3200,N,Y,2021,2,Y,Y,Y,Y,Y,Y,N,1-Dec
207,eab,12/7/2021,10.2,40,1,3.15,12,2,5,33.354404,126.853226,3200,N,Y,2021,2,Y,Y,Y,Y,Y,Y,N,2-Dec
208,gab,11/30/2021,10.4,81.2,1,1.12,11,5,7,33.513592,126.631851,1540,N,Y,2021,0,Y,Y,Y,Y,Y,Y,Y,5-Nov
209,gab,12/2/2021,6.8,61.5,1,3.21,12,1,7,33.513592,126.631851,1540,N,Y,2021,0,Y,Y,Y,Y,Y,Y,Y,1-Dec
210,gab,11/10/2021,9,73.3,1,2.8,11,2,7,33.513592,126.631851,1540,N,Y,2021,0,Y,Y,Y,Y,Y,Y,Y,2-Nov
211,gab,11/16/2021,12.3,50.6,1,3.8,11,3,7,33.513592,126.631851,1540,N,Y,2021,0,Y,Y,Y,Y,Y,Y,Y,3-Nov
212,gab,11/13/2021,11.4,55.2,1,6.12,11,2,7,33.513592,126.631851,1540,N,Y,2021,0,Y,Y,Y,Y,Y,Y,Y,2-Nov
213,gab,11/11/2021,11.3,67,1,6.14,11,2,7,33.513592,126.631851,1540,N,Y,2021,0,Y,Y,Y,Y,Y,Y,Y,2-Nov
214,gab,11/24/2021,9.3,51.9,1,4.65,11,4,7,33.513592,126.631851,1540,N,Y,2021,0,Y,Y,Y,Y,Y,Y,Y,4-Nov
215,gab,12/8/2021,10,49.7,1,6.96,12,2,7,33.513592,126.631851,1540,N,Y,2021,0,Y,Y,Y,Y,Y,Y,Y,2-Dec
216,gab,11/9/2021,9.3,63.6,1,2.66,11,2,7,33.513592,126.631851,1540,N,Y,2021,0,Y,Y,Y,Y,Y,Y,Y,2-Nov
217,gab,11/18/2021,12.7,42.7,1,7.22,11,3,7,33.513592,126.631851,1540,N,Y,2021,0,Y,Y,Y,Y,Y,Y,Y,3-Nov
218,gab,12/6/2021,10.1,59.2,1,6.39,12,2,7,33.513592,126.631851,1540,N,Y,2021,0,Y,Y,Y,Y,Y,Y,Y,2-Dec
219,gab,11/12/2021,10.5,61,1,5.51,11,2,7,33.513592,126.631851,1540,N,Y,2021,0,Y,Y,Y,Y,Y,Y,Y,2-Nov
220,gab,11/26/2021,10.6,46.6,1,7.26,11,4,7,33.513592,126.631851,1540,N,Y,2021,0,Y,Y,Y,Y,Y,Y,Y,4-Nov
221,gab,11/15/2021,12.1,56.6,1,6.9,11,3,7,33.513592,126.631851,1540,N,Y,2021,0,Y,Y,Y,Y,Y,Y,Y,3-Nov
222,gab,11/22/2021,8.8,63.6,1,3.31,11,4,7,33.513592,126.631851,1540,N,Y,2021,0,Y,Y,Y,Y,Y,Y,Y,4-Nov
223,gab,12/4/2021,8.9,56.3,1,5,12,1,7,33.513592,126.631851,1540,N,Y,2021,0,Y,Y,Y,Y,Y,Y,Y,1-Dec
224,gab,11/17/2021,12.7,41.5,1,6.94,11,3,7,33.513592,126.631851,1540,N,Y,2021,0,Y,Y,Y,Y,Y,Y,Y,3-Nov
225,gab,12/3/2021,9.2,54.3,1,5.49,12,1,7,33.513592,126.631851,1540,N,Y,2021,0,Y,Y,Y,Y,Y,Y,Y,1-Dec
226,gab,11/19/2021,12.7,41.8,1,8.02,11,3,7,33.513592,126.631851,1540,N,Y,2021,0,Y,Y,Y,Y,Y,Y,Y,3-Nov
227,gab,12/9/2021,11.7,57,1,6.9,12,2,7,33.513592,126.631851,1540,N,Y,2021,0,Y,Y,Y,Y,Y,Y,Y,2-Dec
228,gab,11/21/2021,15.3,64.8,1,3.22,11,4,7,33.513592,126.631851,1540,N,Y,2021,0,Y,Y,Y,Y,Y,Y,Y,4-Nov
229,gab,12/1/2021,5.8,64.2,1,3.64,12,1,7,33.513592,126.631851,1540,N,Y,2021,0,Y,Y,Y,Y,Y,Y,Y,1-Dec
230,gab,11/23/2021,7.4,58.1,1,2.03,11,4,7,33.513592,126.631851,1540,N,Y,2021,0,Y,Y,Y,Y,Y,Y,Y,4-Nov
231,gab,11/28/2021,10.2,51.9,1,6.65,11,5,7,33.513592,126.631851,1540,N,Y,2021,0,Y,Y,Y,Y,Y,Y,Y,5-Nov
232,gab,11/27/2021,9.6,49.4,1,6.96,11,4,7,33.513592,126.631851,1540,N,Y,2021,0,Y,Y,Y,Y,Y,Y,Y,4-Nov
233,gab,12/5/2021,8.3,57.9,1,4.33,12,2,7,33.513592,126.631851,1540,N,Y,2021,0,Y,Y,Y,Y,Y,Y,Y,2-Dec
234,gab,11/14/2021,12.5,55,1,6.9,11,3,7,33.513592,126.631851,1540,N,Y,2021,0,Y,Y,Y,Y,Y,Y,Y,3-Nov
235,gab,12/7/2021,10,53.1,1,6.71,12,2,7,33.513592,126.631851,1540,N,Y,2021,0,Y,Y,Y,Y,Y,Y,Y,2-Dec
236,gab,11/25/2021,10.4,57.9,1,6.06,11,4,7,33.513592,126.631851,1540,N,Y,2021,0,Y,Y,Y,Y,Y,Y,Y,4-Nov
237,gab,11/20/2021,13.7,45.6,1,6.53,11,3,7,33.513592,126.631851,1540,N,Y,2021,0,Y,Y,Y,Y,Y,Y,Y,3-Nov
238,gab,11/29/2021,13.2,55,1,7.03,11,5,7,33.513592,126.631851,1540,N,Y,2021,0,Y,Y,Y,Y,Y,Y,Y,5-Nov
239,hab,11/15/2021,12.6,54.1,1,5.19,11,3,8,33.278969,126.367989,2350,N,Y,2021,0,Y,Y,Y,Y,Y,Y,Y,3-Nov
240,hab,11/24/2021,10.1,46.3,1,5.48,11,4,8,33.278969,126.367989,2350,N,Y,2021,0,Y,Y,Y,Y,Y,Y,Y,4-Nov
241,hab,11/22/2021,10.7,58.4,1,5,11,4,8,33.278969,126.367989,2350,N,Y,2021,0,Y,Y,Y,Y,Y,Y,Y,4-Nov
242,hab,11/23/2021,9,54.3,1,4.75,11,4,8,33.278969,126.367989,2350,N,Y,2021,0,Y,Y,Y,Y,Y,Y,Y,4-Nov
243,hab,11/21/2021,15,66.7,1,3.06,11,4,8,33.278969,126.367989,2350,N,Y,2021,0,Y,Y,Y,Y,Y,Y,Y,4-Nov
244,hab,11/19/2021,13.3,46.4,1,5.92,11,3,8,33.278969,126.367989,2350,N,Y,2021,0,Y,Y,Y,Y,Y,Y,Y,3-Nov
245,hab,11/12/2021,11.1,60.4,1,4.61,11,2,8,33.278969,126.367989,2350,N,Y,2021,0,Y,Y,Y,Y,Y,Y,Y,2-Nov
246,hab,11/16/2021,12.5,54.1,1,4.1,11,3,8,33.278969,126.367989,2350,N,Y,2021,0,Y,Y,Y,Y,Y,Y,Y,3-Nov
247,hab,11/10/2021,10.6,60.3,1,1.63,11,2,8,33.278969,126.367989,2350,N,Y,2021,0,Y,Y,Y,Y,Y,Y,Y,2-Nov
248,hab,11/29/2021,7.5,69.3,1,0,11,5,8,33.278969,126.367989,2350,N,Y,2021,0,Y,Y,Y,Y,Y,Y,Y,5-Nov
249,hab,11/27/2021,8.8,47.1,1,6,11,4,8,33.278969,126.367989,2350,N,Y,2021,0,Y,Y,Y,Y,Y,Y,Y,4-Nov
250,hab,11/28/2021,11.8,52.7,1,5.29,11,5,8,33.278969,126.367989,2350,N,Y,2021,0,Y,Y,Y,Y,Y,Y,Y,5-Nov
251,hab,11/20/2021,13.6,54.1,1,5.49,11,3,8,33.278969,126.367989,2350,N,Y,2021,0,Y,Y,Y,Y,Y,Y,Y,3-Nov
252,hab,11/11/2021,12.5,57.2,1,4.94,11,2,8,33.278969,126.367989,2350,N,Y,2021,0,Y,Y,Y,Y,Y,Y,Y,2-Nov
253,hab,11/25/2021,11.5,50.7,1,5.72,11,4,8,33.278969,126.367989,2350,N,Y,2021,0,Y,Y,Y,Y,Y,Y,Y,4-Nov
254,hab,11/13/2021,12.3,52.7,1,5.39,11,2,8,33.278969,126.367989,2350,N,Y,2021,0,Y,Y,Y,Y,Y,Y,Y,2-Nov
255,hab,11/17/2021,13.2,46.9,1,5.57,11,3,8,33.278969,126.367989,2350,N,Y,2021,0,Y,Y,Y,Y,Y,Y,Y,3-Nov
256,hab,11/14/2021,12.8,51.1,1,5.74,11,3,8,33.278969,126.367989,2350,N,Y,2021,0,Y,Y,Y,Y,Y,Y,Y,3-Nov
257,hab,11/26/2021,10.8,50.3,1,5.9,11,4,8,33.278969,126.367989,2350,N,Y,2021,0,Y,Y,Y,Y,Y,Y,Y,4-Nov
258,hab,11/18/2021,13.5,48.5,1,5.71,11,3,8,33.278969,126.367989,2350,N,Y,2021,0,Y,Y,Y,Y,Y,Y,Y,3-Nov
259,iab,11/8/2021,13,75,1,2.68,11,2,9,33.325153,126.7435,426000,Y,Y,2021,0,Y,Y,Y,N,Y,Y,N,2-Nov
260,iab,11/13/2021,12.5,57,1,12.08,11,2,9,33.325153,126.7435,426000,Y,Y,2021,0,Y,Y,Y,N,Y,Y,N,2-Nov
261,iab,11/12/2021,11,62.4,1,10.02,11,2,9,33.325153,126.7435,426000,Y,Y,2021,0,Y,Y,Y,N,Y,Y,N,2-Nov
262,iab,12/2/2021,7.3,62.9,1,5.48,12,1,9,33.325153,126.7435,426000,Y,Y,2021,0,Y,Y,Y,N,Y,Y,N,1-Dec
263,iab,12/1/2021,6.5,61.9,1,5.6,12,1,9,33.325153,126.7435,426000,Y,Y,2021,0,Y,Y,Y,N,Y,Y,N,1-Dec
264,iab,11/9/2021,10.6,58.5,1,7.23,11,2,9,33.325153,126.7435,426000,Y,Y,2021,0,Y,Y,Y,N,Y,Y,N,2-Nov
265,iab,12/9/2021,10.4,74.6,1,3.78,12,2,9,33.325153,126.7435,426000,Y,Y,2021,0,Y,Y,Y,N,Y,Y,N,2-Dec
266,iab,12/4/2021,10.3,51.6,1,10.23,12,1,9,33.325153,126.7435,426000,Y,Y,2021,0,Y,Y,Y,N,Y,Y,N,1-Dec
267,iab,11/14/2021,13.5,58.3,1,12.44,11,3,9,33.325153,126.7435,426000,Y,Y,2021,0,Y,Y,Y,N,Y,Y,N,3-Nov
268,iab,11/30/2021,11.1,83.4,1,1.65,11,5,9,33.325153,126.7435,426000,Y,Y,2021,0,Y,Y,Y,N,Y,Y,N,5-Nov
269,iab,11/29/2021,13.3,67,1,11.35,11,5,9,33.325153,126.7435,426000,Y,Y,2021,0,Y,Y,Y,N,Y,Y,N,5-Nov
270,iab,12/7/2021,9,65.9,1,8.98,12,2,9,33.325153,126.7435,426000,Y,Y,2021,0,Y,Y,Y,N,Y,Y,N,2-Dec
271,iab,11/26/2021,9,64.1,1,11.87,11,4,9,33.325153,126.7435,426000,Y,Y,2021,0,Y,Y,Y,N,Y,Y,N,4-Nov
272,iab,12/3/2021,9.9,53,1,7.91,12,1,9,33.325153,126.7435,426000,Y,Y,2021,0,Y,Y,Y,N,Y,Y,N,1-Dec
273,iab,11/19/2021,10.9,59.8,1,12.59,11,3,9,33.325153,126.7435,426000,Y,Y,2021,0,Y,Y,Y,N,Y,Y,N,3-Nov
274,iab,12/5/2021,7,59.5,1,9.75,12,2,9,33.325153,126.7435,426000,Y,Y,2021,0,Y,Y,Y,N,Y,Y,N,2-Dec
275,iab,11/23/2021,8.6,54.9,1,5.9,11,4,9,33.325153,126.7435,426000,Y,Y,2021,0,Y,Y,Y,N,Y,Y,N,4-Nov
276,iab,11/28/2021,10.3,60.4,1,11.71,11,5,9,33.325153,126.7435,426000,Y,Y,2021,0,Y,Y,Y,N,Y,Y,N,5-Nov
277,iab,12/6/2021,8.7,68.6,1,8.1,12,2,9,33.325153,126.7435,426000,Y,Y,2021,0,Y,Y,Y,N,Y,Y,N,2-Dec
278,iab,12/8/2021,8.1,65.3,1,8.81,12,2,9,33.325153,126.7435,426000,Y,Y,2021,0,Y,Y,Y,N,Y,Y,N,2-Dec
279,iab,11/20/2021,12,68.6,1,11.79,11,3,9,33.325153,126.7435,426000,Y,Y,2021,0,Y,Y,Y,N,Y,Y,N,3-Nov
280,iab,11/7/2021,16.2,69.3,1,0,11,2,9,33.325153,126.7435,426000,Y,Y,2021,0,Y,Y,Y,N,Y,Y,N,2-Nov
281,iab,11/27/2021,7.8,59.8,1,11.85,11,4,9,33.325153,126.7435,426000,Y,Y,2021,0,Y,Y,Y,N,Y,Y,N,4-Nov
282,iab,11/15/2021,11.9,63.2,1,11.54,11,3,9,33.325153,126.7435,426000,Y,Y,2021,0,Y,Y,Y,N,Y,Y,N,3-Nov
283,iab,11/17/2021,11.1,63.4,1,11.73,11,3,9,33.325153,126.7435,426000,Y,Y,2021,0,Y,Y,Y,N,Y,Y,N,3-Nov
284,iab,11/11/2021,12,65.4,1,9.42,11,2,9,33.325153,126.7435,426000,Y,Y,2021,0,Y,Y,Y,N,Y,Y,N,2-Nov
285,iab,11/24/2021,10.8,49.6,1,11.03,11,4,9,33.325153,126.7435,426000,Y,Y,2021,0,Y,Y,Y,N,Y,Y,N,4-Nov
286,iab,11/18/2021,11.7,61,1,11.96,11,3,9,33.325153,126.7435,426000,Y,Y,2021,0,Y,Y,Y,N,Y,Y,N,3-Nov
287,iab,11/25/2021,11.8,58.5,1,12.04,11,4,9,33.325153,126.7435,426000,Y,Y,2021,0,Y,Y,Y,N,Y,Y,N,4-Nov
288,iab,11/10/2021,9.8,71.9,1,4.58,11,2,9,33.325153,126.7435,426000,Y,Y,2021,0,Y,Y,Y,N,Y,Y,N,2-Nov
289,iab,11/22/2021,9.7,63.3,1,6.09,11,4,9,33.325153,126.7435,426000,Y,Y,2021,0,Y,Y,Y,N,Y,Y,N,4-Nov
290,iab,11/16/2021,11,66.4,1,9.94,11,3,9,33.325153,126.7435,426000,Y,Y,2021,0,Y,Y,Y,N,Y,Y,N,3-Nov
291,iab,11/21/2021,14.8,72.1,1,8.26,11,4,9,33.325153,126.7435,426000,Y,Y,2021,0,Y,Y,Y,N,Y,Y,N,4-Nov
292,kab,11/11/2021,11,69.8,1,4.88,11,2,11,33.334724,126.826057,3600,N,Y,2021,0,Y,Y,Y,N,Y,Y,Y,2-Nov
293,kab,11/19/2021,11.7,53.4,1,5.71,11,3,11,33.334724,126.826057,3600,N,Y,2021,0,Y,Y,Y,N,Y,Y,Y,3-Nov
294,kab,11/17/2021,13.1,55.8,1,5.49,11,3,11,33.334724,126.826057,3600,N,Y,2021,0,Y,Y,Y,N,Y,Y,Y,3-Nov
295,kab,11/30/2021,11.7,77.3,1,1.86,11,5,11,33.334724,126.826057,3600,N,Y,2021,0,Y,Y,Y,N,Y,Y,Y,5-Nov
296,kab,12/8/2021,10.1,61.7,1,4.5,12,2,11,33.334724,126.826057,3600,N,Y,2021,0,Y,Y,Y,N,Y,Y,Y,2-Dec
297,kab,12/7/2021,10.3,58.3,1,4.75,12,2,11,33.334724,126.826057,3600,N,Y,2021,0,Y,Y,Y,N,Y,Y,Y,2-Dec
298,kab,11/22/2021,10.5,62.5,1,4.92,11,4,11,33.334724,126.826057,3600,N,Y,2021,0,Y,Y,Y,N,Y,Y,Y,4-Nov
299,kab,11/29/2021,11.2,56.8,1,5.43,11,5,11,33.334724,126.826057,3600,N,Y,2021,0,Y,Y,Y,N,Y,Y,Y,5-Nov
300,kab,11/15/2021,11.7,56.7,1,5.22,11,3,11,33.334724,126.826057,3600,N,Y,2021,0,Y,Y,Y,N,Y,Y,Y,3-Nov
301,kab,11/21/2021,14.8,68.5,1,3.39,11,4,11,33.334724,126.826057,3600,N,Y,2021,0,Y,Y,Y,N,Y,Y,Y,4-Nov
302,kab,11/14/2021,11.7,54.6,1,5.26,11,3,11,33.334724,126.826057,3600,N,Y,2021,0,Y,Y,Y,N,Y,Y,Y,3-Nov
303,kab,12/3/2021,9.1,56.6,1,4.12,12,1,11,33.334724,126.826057,3600,N,Y,2021,0,Y,Y,Y,N,Y,Y,Y,1-Dec
304,kab,12/5/2021,7.6,57.9,1,4.29,12,2,11,33.334724,126.826057,3600,N,Y,2021,0,Y,Y,Y,N,Y,Y,Y,2-Dec
305,kab,11/20/2021,13.8,63.5,1,5.31,11,3,11,33.334724,126.826057,3600,N,Y,2021,0,Y,Y,Y,N,Y,Y,Y,3-Nov
306,kab,12/4/2021,8.6,54.2,1,4.47,12,1,11,33.334724,126.826057,3600,N,Y,2021,0,Y,Y,Y,N,Y,Y,Y,1-Dec
307,kab,11/13/2021,11.3,57.5,1,5.64,11,2,11,33.334724,126.826057,3600,N,Y,2021,0,Y,Y,Y,N,Y,Y,Y,2-Nov
308,kab,11/12/2021,10.1,67.3,1,4.9,11,2,11,33.334724,126.826057,3600,N,Y,2021,0,Y,Y,Y,N,Y,Y,Y,2-Nov
309,kab,12/2/2021,6.8,61.4,1,3.78,12,1,11,33.334724,126.826057,3600,N,Y,2021,0,Y,Y,Y,N,Y,Y,Y,1-Dec
310,kab,12/9/2021,13.9,60.6,1,3.91,12,2,11,33.334724,126.826057,3600,N,Y,2021,0,Y,Y,Y,N,Y,Y,Y,2-Dec
311,kab,11/23/2021,8.6,57.6,1,4.07,11,4,11,33.334724,126.826057,3600,N,Y,2021,0,Y,Y,Y,N,Y,Y,Y,4-Nov
312,kab,11/26/2021,9.6,56.5,1,5.24,11,4,11,33.334724,126.826057,3600,N,Y,2021,0,Y,Y,Y,N,Y,Y,Y,4-Nov
313,kab,11/27/2021,7.5,51.7,1,5.28,11,4,11,33.334724,126.826057,3600,N,Y,2021,0,Y,Y,Y,N,Y,Y,Y,4-Nov
314,kab,11/28/2021,10.6,54.6,1,5.35,11,5,11,33.334724,126.826057,3600,N,Y,2021,0,Y,Y,Y,N,Y,Y,Y,5-Nov
315,kab,11/16/2021,12,59.9,1,4.79,11,3,11,33.334724,126.826057,3600,N,Y,2021,0,Y,Y,Y,N,Y,Y,Y,3-Nov
316,kab,11/10/2021,10.6,64.9,1,4.85,11,2,11,33.334724,126.826057,3600,N,Y,2021,0,Y,Y,Y,N,Y,Y,Y,2-Nov
317,kab,12/1/2021,6.6,65.2,1,3.21,12,1,11,33.334724,126.826057,3600,N,Y,2021,0,Y,Y,Y,N,Y,Y,Y,1-Dec
318,kab,11/25/2021,10,55.9,1,4.89,11,4,11,33.334724,126.826057,3600,N,Y,2021,0,Y,Y,Y,N,Y,Y,Y,4-Nov
319,kab,12/6/2021,10.1,63.6,1,4.9,12,2,11,33.334724,126.826057,3600,N,Y,2021,0,Y,Y,Y,N,Y,Y,Y,2-Dec
320,kab,11/18/2021,11.6,54.1,1,5.51,11,3,11,33.334724,126.826057,3600,N,Y,2021,0,Y,Y,Y,N,Y,Y,Y,3-Nov
321,kab,11/24/2021,8.7,51.7,1,4.54,11,4,11,33.334724,126.826057,3600,N,Y,2021,0,Y,Y,Y,N,Y,Y,Y,4-Nov
322,lab,11/30/2021,13.2,66,1,2.98,11,5,12,33.278427,126.615036,787,N,Y,2021,1,Y,Y,Y,Y,Y,Y,N,5-Nov
323,lab,12/2/2021,7.9,46.6,1,3.85,12,1,12,33.278427,126.615036,787,N,Y,2021,1,Y,Y,Y,Y,Y,Y,N,1-Dec
324,lab,11/29/2021,13,63.3,1,5.23,11,5,12,33.278427,126.615036,787,N,Y,2021,1,Y,Y,Y,Y,Y,Y,N,5-Nov
325,lab,12/6/2021,9.4,66.2,1,3.81,12,2,12,33.278427,126.615036,787,N,Y,2021,1,Y,Y,Y,Y,Y,Y,N,2-Dec
326,lab,12/8/2021,12.3,46.5,1,5.74,12,2,12,33.278427,126.615036,787,N,Y,2021,1,Y,Y,Y,Y,Y,Y,N,2-Dec
327,lab,11/9/2021,11.1,54.7,1,7.1,11,2,12,33.278427,126.615036,787,N,Y,2021,1,Y,Y,Y,Y,Y,Y,N,2-Nov
328,lab,12/4/2021,9.9,41,1,4.67,12,1,12,33.278427,126.615036,787,N,Y,2021,1,Y,Y,Y,Y,Y,Y,N,1-Dec
329,lab,12/7/2021,10.7,39.4,1,4.19,12,2,12,33.278427,126.615036,787,N,Y,2021,1,Y,Y,Y,Y,Y,Y,N,2-Dec
330,lab,12/3/2021,10.2,37.7,1,4.18,12,1,12,33.278427,126.615036,787,N,Y,2021,1,Y,Y,Y,Y,Y,Y,N,1-Dec
331,lab,11/19/2021,13.6,45.1,1,8.89,11,3,12,33.278427,126.615036,787,N,Y,2021,1,Y,Y,Y,Y,Y,Y,N,3-Nov
332,lab,11/14/2021,14.1,51.1,1,7.75,11,3,12,33.278427,126.615036,787,N,Y,2021,1,Y,Y,Y,Y,Y,Y,N,3-Nov
333,lab,11/10/2021,11.3,59.7,1,6.01,11,2,12,33.278427,126.615036,787,N,Y,2021,1,Y,Y,Y,Y,Y,Y,N,2-Nov
334,lab,11/15/2021,11.9,59.6,1,7.16,11,3,12,33.278427,126.615036,787,N,Y,2021,1,Y,Y,Y,Y,Y,Y,N,3-Nov
335,lab,11/18/2021,12.8,54.9,1,6.76,11,3,12,33.278427,126.615036,787,N,Y,2021,1,Y,Y,Y,Y,Y,Y,N,3-Nov
336,lab,11/23/2021,7.2,57.7,1,3.74,11,4,12,33.278427,126.615036,787,N,Y,2021,1,Y,Y,Y,Y,Y,Y,N,4-Nov
337,lab,11/26/2021,13.1,45.1,1,6.92,11,4,12,33.278427,126.615036,787,N,Y,2021,1,Y,Y,Y,Y,Y,Y,N,4-Nov
338,lab,12/1/2021,7.8,39.3,1,3.72,12,1,12,33.278427,126.615036,787,N,Y,2021,1,Y,Y,Y,Y,Y,Y,N,1-Dec
339,lab,11/12/2021,11.3,54.5,1,6.66,11,2,12,33.278427,126.615036,787,N,Y,2021,1,Y,Y,Y,Y,Y,Y,N,2-Nov
340,lab,11/25/2021,13.3,47.8,1,6.9,11,4,12,33.278427,126.615036,787,N,Y,2021,1,Y,Y,Y,Y,Y,Y,N,4-Nov
341,lab,12/5/2021,7.5,64,1,2.05,12,2,12,33.278427,126.615036,787,N,Y,2021,1,Y,Y,Y,Y,Y,Y,N,2-Dec
342,lab,11/16/2021,12.8,55.8,1,6.12,11,3,12,33.278427,126.615036,787,N,Y,2021,1,Y,Y,Y,Y,Y,Y,N,3-Nov
343,lab,12/9/2021,14.4,50,1,7.24,12,2,12,33.278427,126.615036,787,N,Y,2021,1,Y,Y,Y,Y,Y,Y,N,2-Dec
344,lab,11/17/2021,13.3,48.8,1,7.33,11,3,12,33.278427,126.615036,787,N,Y,2021,1,Y,Y,Y,Y,Y,Y,N,3-Nov
345,lab,11/11/2021,13,54,1,7.89,11,2,12,33.278427,126.615036,787,N,Y,2021,1,Y,Y,Y,Y,Y,Y,N,2-Nov
346,lab,11/20/2021,14.7,49.8,1,6.58,11,3,12,33.278427,126.615036,787,N,Y,2021,1,Y,Y,Y,Y,Y,Y,N,3-Nov
347,lab,11/28/2021,12,61.9,1,5.12,11,5,12,33.278427,126.615036,787,N,Y,2021,1,Y,Y,Y,Y,Y,Y,N,5-Nov
348,lab,11/27/2021,9.3,52.9,1,5.71,11,4,12,33.278427,126.615036,787,N,Y,2021,1,Y,Y,Y,Y,Y,Y,N,4-Nov
349,lab,11/22/2021,12,54.2,1,6.07,11,4,12,33.278427,126.615036,787,N,Y,2021,1,Y,Y,Y,Y,Y,Y,N,4-Nov
350,lab,11/21/2021,15.8,64.8,1,5.02,11,4,12,33.278427,126.615036,787,N,Y,2021,1,Y,Y,Y,Y,Y,Y,N,4-Nov
351,lab,11/8/2021,10.7,60.4,1,5.24,11,2,12,33.278427,126.615036,787,N,Y,2021,1,Y,Y,Y,Y,Y,Y,N,2-Nov
352,lab,11/24/2021,10,53.4,1,6.83,11,4,12,33.278427,126.615036,787,N,Y,2021,1,Y,Y,Y,Y,Y,Y,N,4-Nov
353,lab,11/13/2021,12.2,55.3,1,8.34,11,2,12,33.278427,126.615036,787,N,Y,2021,1,Y,Y,Y,Y,Y,Y,N,2-Nov
354,mab,12/4/2021,9.4,50.4,1,5.62,12,1,13,33.267723,126.448456,2900,Y,Y,2021,0,Y,Y,Y,Y,Y,N,N,1-Dec
355,mab,11/27/2021,10.7,42.2,1,7.21,11,4,13,33.267723,126.448456,2900,Y,Y,2021,0,Y,Y,Y,Y,Y,N,N,4-Nov
356,mab,11/30/2021,11.8,80.3,1,1.36,11,5,13,33.267723,126.448456,2900,Y,Y,2021,0,Y,Y,Y,Y,Y,N,N,5-Nov
357,mab,12/3/2021,10.3,48.7,1,5.78,12,1,13,33.267723,126.448456,2900,Y,Y,2021,0,Y,Y,Y,Y,Y,N,N,1-Dec
358,mab,12/8/2021,9.9,46.2,1,7,12,2,13,33.267723,126.448456,2900,Y,Y,2021,0,Y,Y,Y,Y,Y,N,N,2-Dec
359,mab,12/1/2021,6.9,60.7,1,4.53,12,1,13,33.267723,126.448456,2900,Y,Y,2021,0,Y,Y,Y,Y,Y,N,N,1-Dec
360,mab,11/29/2021,14.6,58,1,7.29,11,5,13,33.267723,126.448456,2900,Y,Y,2021,0,Y,Y,Y,Y,Y,N,N,5-Nov
361,mab,11/17/2021,13.6,46.2,1,6.58,11,3,13,33.267723,126.448456,2900,Y,Y,2021,0,Y,Y,Y,Y,Y,N,N,3-Nov
362,mab,12/2/2021,7.7,55.4,1,3,12,1,13,33.267723,126.448456,2900,Y,Y,2021,0,Y,Y,Y,Y,Y,N,N,1-Dec
363,mab,11/9/2021,8.6,67,1,0.12,11,2,13,33.267723,126.448456,2900,Y,Y,2021,0,Y,Y,Y,Y,Y,N,N,2-Nov
364,mab,11/14/2021,14.3,48.4,1,6.58,11,3,13,33.267723,126.448456,2900,Y,Y,2021,0,Y,Y,Y,Y,Y,N,N,3-Nov
365,mab,11/16/2021,12.7,57.7,1,3.46,11,3,13,33.267723,126.448456,2900,Y,Y,2021,0,Y,Y,Y,Y,Y,N,N,3-Nov
366,mab,11/24/2021,10.6,46,1,4.75,11,4,13,33.267723,126.448456,2900,Y,Y,2021,0,Y,Y,Y,Y,Y,N,N,4-Nov
367,mab,11/26/2021,14.5,27.2,1,10.53,11,4,13,33.267723,126.448456,2900,Y,Y,2021,0,Y,Y,Y,Y,Y,N,N,4-Nov
368,mab,12/7/2021,11.1,35.7,1,7.16,12,2,13,33.267723,126.448456,2900,Y,Y,2021,0,Y,Y,Y,Y,Y,N,N,2-Dec
369,mab,11/28/2021,13.1,49.7,1,7.46,11,5,13,33.267723,126.448456,2900,Y,Y,2021,0,Y,Y,Y,Y,Y,N,N,5-Nov
370,mab,11/21/2021,16.3,62.1,1,2.79,11,4,13,33.267723,126.448456,2900,Y,Y,2021,0,Y,Y,Y,Y,Y,N,N,4-Nov
371,mab,12/6/2021,10.7,59.7,1,7.5,12,2,13,33.267723,126.448456,2900,Y,Y,2021,0,Y,Y,Y,Y,Y,N,N,2-Dec
372,mab,12/9/2021,15,51.1,1,9.31,12,2,13,33.267723,126.448456,2900,Y,Y,2021,0,Y,Y,Y,Y,Y,N,N,2-Dec
373,mab,11/18/2021,13.8,43,1,6.96,11,3,13,33.267723,126.448456,2900,Y,Y,2021,0,Y,Y,Y,Y,Y,N,N,3-Nov
374,mab,11/10/2021,9.8,69.8,1,2.79,11,2,13,33.267723,126.448456,2900,Y,Y,2021,0,Y,Y,Y,Y,Y,N,N,2-Nov
375,mab,11/20/2021,14.2,45.5,1,6.42,11,3,13,33.267723,126.448456,2900,Y,Y,2021,0,Y,Y,Y,Y,Y,N,N,3-Nov
376,mab,11/15/2021,13.2,53.4,1,7,11,3,13,33.267723,126.448456,2900,Y,Y,2021,0,Y,Y,Y,Y,Y,N,N,3-Nov
377,mab,11/23/2021,8.5,52.9,1,2.08,11,4,13,33.267723,126.448456,2900,Y,Y,2021,0,Y,Y,Y,Y,Y,N,N,4-Nov
378,mab,11/11/2021,12.2,61.9,1,5.92,11,2,13,33.267723,126.448456,2900,Y,Y,2021,0,Y,Y,Y,Y,Y,N,N,2-Nov
379,mab,11/13/2021,12.2,51.1,1,5.88,11,2,13,33.267723,126.448456,2900,Y,Y,2021,0,Y,Y,Y,Y,Y,N,N,2-Nov
380,mab,12/5/2021,8.3,62.3,1,2.71,12,2,13,33.267723,126.448456,2900,Y,Y,2021,0,Y,Y,Y,Y,Y,N,N,2-Dec
381,mab,11/12/2021,11.3,56.6,1,5.5,11,2,13,33.267723,126.448456,2900,Y,Y,2021,0,Y,Y,Y,Y,Y,N,N,2-Nov
382,mab,11/19/2021,13.5,40.2,1,7.38,11,3,13,33.267723,126.448456,2900,Y,Y,2021,0,Y,Y,Y,Y,Y,N,N,3-Nov
383,mab,11/22/2021,10.5,55,1,3.75,11,4,13,33.267723,126.448456,2900,Y,Y,2021,0,Y,Y,Y,Y,Y,N,N,4-Nov
384,mab,11/25/2021,8.7,63.7,1,0.33,11,4,13,33.267723,126.448456,2900,Y,Y,2021,0,Y,Y,Y,Y,Y,N,N,4-Nov
385,pab,12/1/2021,7.4,58.5,1,3.96,12,1,16,33.242012,126.380173,3500,Y,Y,2021,2,Y,Y,N,Y,Y,N,N,1-Dec
386,pab,12/4/2021,10,50.9,1,6.04,12,1,16,33.242012,126.380173,3500,Y,Y,2021,2,Y,Y,N,Y,Y,N,N,1-Dec
387,pab,11/28/2021,12.1,51.7,1,6.38,11,5,16,33.242012,126.380173,3500,Y,Y,2021,2,Y,Y,N,Y,Y,N,N,5-Nov
388,pab,11/10/2021,10.1,67.3,1,4.83,11,2,16,33.242012,126.380173,3500,Y,Y,2021,2,Y,Y,N,Y,Y,N,N,2-Nov
389,pab,11/30/2021,12.2,71.8,1,1.38,11,5,16,33.242012,126.380173,3500,Y,Y,2021,2,Y,Y,N,Y,Y,N,N,5-Nov
390,pab,11/13/2021,11.4,62,1,7.33,11,2,16,33.242012,126.380173,3500,Y,Y,2021,2,Y,Y,N,Y,Y,N,N,2-Nov
391,pab,11/26/2021,11.7,43,1,6.96,11,4,16,33.242012,126.380173,3500,Y,Y,2021,2,Y,Y,N,Y,Y,N,N,4-Nov
392,pab,11/29/2021,13.3,57.1,1,6.88,11,5,16,33.242012,126.380173,3500,Y,Y,2021,2,Y,Y,N,Y,Y,N,N,5-Nov
393,pab,11/27/2021,10.4,46.2,1,7.12,11,4,16,33.242012,126.380173,3500,Y,Y,2021,2,Y,Y,N,Y,Y,N,N,4-Nov
394,pab,11/9/2021,10.1,62.7,1,7.29,11,2,16,33.242012,126.380173,3500,Y,Y,2021,2,Y,Y,N,Y,Y,N,N,2-Nov
395,pab,12/2/2021,7.3,58.9,1,2.88,12,1,16,33.242012,126.380173,3500,Y,Y,2021,2,Y,Y,N,Y,Y,N,N,1-Dec
396,pab,12/5/2021,7.2,66.7,1,1.42,12,2,16,33.242012,126.380173,3500,Y,Y,2021,2,Y,Y,N,Y,Y,N,N,2-Dec
397,pab,11/22/2021,11.3,54.5,1,2.83,11,4,16,33.242012,126.380173,3500,Y,Y,2021,2,Y,Y,N,Y,Y,N,N,4-Nov
398,pab,12/6/2021,10.3,63.6,1,6.21,12,2,16,33.242012,126.380173,3500,Y,Y,2021,2,Y,Y,N,Y,Y,N,N,2-Dec
399,pab,11/8/2021,7.2,71.9,1,0.88,11,2,16,33.242012,126.380173,3500,Y,Y,2021,2,Y,Y,N,Y,Y,N,N,2-Nov
400,pab,12/9/2021,13.8,61.1,1,4.62,12,2,16,33.242012,126.380173,3500,Y,Y,2021,2,Y,Y,N,Y,Y,N,N,2-Dec
401,pab,12/7/2021,10.6,49.4,1,5.42,12,2,16,33.242012,126.380173,3500,Y,Y,2021,2,Y,Y,N,Y,Y,N,N,2-Dec
402,pab,11/11/2021,12.4,58.7,1,7.5,11,2,16,33.242012,126.380173,3500,Y,Y,2021,2,Y,Y,N,Y,Y,N,N,2-Nov
403,pab,12/3/2021,9.9,52.2,1,4.17,12,1,16,33.242012,126.380173,3500,Y,Y,2021,2,Y,Y,N,Y,Y,N,N,1-Dec
404,pab,12/8/2021,11.4,54.2,1,5.67,12,2,16,33.242012,126.380173,3500,Y,Y,2021,2,Y,Y,N,Y,Y,N,N,2-Dec
405,pab,11/15/2021,11.5,60.3,1,5.12,11,3,16,33.242012,126.380173,3500,Y,Y,2021,2,Y,Y,N,Y,Y,N,N,3-Nov
406,pab,11/20/2021,13.7,51,1,5,11,3,16,33.242012,126.380173,3500,Y,Y,2021,2,Y,Y,N,Y,Y,N,N,3-Nov
407,pab,11/17/2021,13.2,48.4,1,3.75,11,3,16,33.242012,126.380173,3500,Y,Y,2021,2,Y,Y,N,Y,Y,N,N,3-Nov
408,pab,11/21/2021,14.9,67.6,1,2.5,11,4,16,33.242012,126.380173,3500,Y,Y,2021,2,Y,Y,N,Y,Y,N,N,4-Nov
409,pab,11/18/2021,13.3,52.4,1,3.79,11,3,16,33.242012,126.380173,3500,Y,Y,2021,2,Y,Y,N,Y,Y,N,N,3-Nov
410,pab,11/25/2021,11.3,51,1,4.62,11,4,16,33.242012,126.380173,3500,Y,Y,2021,2,Y,Y,N,Y,Y,N,N,4-Nov
411,pab,11/16/2021,11.7,61.1,1,2.38,11,3,16,33.242012,126.380173,3500,Y,Y,2021,2,Y,Y,N,Y,Y,N,N,3-Nov
412,pab,11/12/2021,10.5,62,1,6.04,11,2,16,33.242012,126.380173,3500,Y,Y,2021,2,Y,Y,N,Y,Y,N,N,2-Nov
413,pab,11/24/2021,9.3,54.9,1,4.79,11,4,16,33.242012,126.380173,3500,Y,Y,2021,2,Y,Y,N,Y,Y,N,N,4-Nov
414,pab,11/23/2021,8.7,51.6,1,4.04,11,4,16,33.242012,126.380173,3500,Y,Y,2021,2,Y,Y,N,Y,Y,N,N,4-Nov
415,pab,11/19/2021,12.5,46.9,1,4.88,11,3,16,33.242012,126.380173,3500,Y,Y,2021,2,Y,Y,N,Y,Y,N,N,3-Nov
416,pab,11/14/2021,12.9,56.6,1,6.04,11,3,16,33.242012,126.380173,3500,Y,Y,2021,2,Y,Y,N,Y,Y,N,N,3-Nov
417,qab,12/8/2021,9.9,63.9,1,2.76,12,2,17,33.327492,126.721321,2240,N,Y,2021,0,Y,Y,N,N,Y,Y,N,2-Dec
418,qab,11/26/2021,10.6,51.2,1,3.14,11,4,17,33.327492,126.721321,2240,N,Y,2021,0,Y,Y,N,N,Y,Y,N,4-Nov
419,qab,12/4/2021,9.7,51.4,1,3.4,12,1,17,33.327492,126.721321,2240,N,Y,2021,0,Y,Y,N,N,Y,Y,N,1-Dec
420,qab,12/6/2021,9.4,68.8,1,3.17,12,2,17,33.327492,126.721321,2240,N,Y,2021,0,Y,Y,N,N,Y,Y,N,2-Dec
421,qab,11/10/2021,10.7,62.6,1,2.11,11,2,17,33.327492,126.721321,2240,N,Y,2021,0,Y,Y,N,N,Y,Y,N,2-Nov
422,qab,11/11/2021,11.3,63.3,1,2.4,11,2,17,33.327492,126.721321,2240,N,Y,2021,0,Y,Y,N,N,Y,Y,N,2-Nov
423,qab,12/2/2021,6.6,61.9,1,1.91,12,1,17,33.327492,126.721321,2240,N,Y,2021,0,Y,Y,N,N,Y,Y,N,1-Dec
424,qab,11/30/2021,11.3,78.5,1,2.38,11,5,17,33.327492,126.721321,2240,N,Y,2021,0,Y,Y,N,N,Y,Y,N,5-Nov
425,qab,12/7/2021,9.8,53.9,1,2.71,12,2,17,33.327492,126.721321,2240,N,Y,2021,0,Y,Y,N,N,Y,Y,N,2-Dec
426,qab,12/9/2021,12.2,67.3,1,3.92,12,2,17,33.327492,126.721321,2240,N,Y,2021,0,Y,Y,N,N,Y,Y,N,2-Dec
427,qab,11/29/2021,10.9,59.5,1,4.54,11,5,17,33.327492,126.721321,2240,N,Y,2021,0,Y,Y,N,N,Y,Y,N,5-Nov
428,qab,11/28/2021,7.9,58.5,1,1.95,11,5,17,33.327492,126.721321,2240,N,Y,2021,0,Y,Y,N,N,Y,Y,N,5-Nov
429,qab,11/22/2021,9.7,65.3,1,2.91,11,4,17,33.327492,126.721321,2240,N,Y,2021,0,Y,Y,N,N,Y,Y,N,4-Nov
430,qab,11/16/2021,12.1,59.2,1,1.73,11,3,17,33.327492,126.721321,2240,N,Y,2021,0,Y,Y,N,N,Y,Y,N,3-Nov
431,qab,11/24/2021,11,48.5,1,3.69,11,4,17,33.327492,126.721321,2240,N,Y,2021,0,Y,Y,N,N,Y,Y,N,4-Nov
432,qab,11/23/2021,7.5,59,1,3.05,11,4,17,33.327492,126.721321,2240,N,Y,2021,0,Y,Y,N,N,Y,Y,N,4-Nov
433,qab,11/17/2021,13,46.7,1,2.67,11,3,17,33.327492,126.721321,2240,N,Y,2021,0,Y,Y,N,N,Y,Y,N,3-Nov
434,qab,12/3/2021,7.9,58.2,1,2.14,12,1,17,33.327492,126.721321,2240,N,Y,2021,0,Y,Y,N,N,Y,Y,N,1-Dec
435,qab,11/13/2021,10.9,60.8,1,2.38,11,2,17,33.327492,126.721321,2240,N,Y,2021,0,Y,Y,N,N,Y,Y,N,2-Nov
436,qab,11/20/2021,23.8,35.7,1,9,11,3,17,33.327492,126.721321,2240,N,Y,2021,0,Y,Y,N,N,Y,Y,N,3-Nov
437,qab,12/1/2021,5.8,72.9,1,2.38,12,1,17,33.327492,126.721321,2240,N,Y,2021,0,Y,Y,N,N,Y,Y,N,1-Dec
438,qab,11/12/2021,8.9,72.4,1,1.76,11,2,17,33.327492,126.721321,2240,N,Y,2021,0,Y,Y,N,N,Y,Y,N,2-Nov
439,qab,11/27/2021,9.6,49.3,1,5.23,11,4,17,33.327492,126.721321,2240,N,Y,2021,0,Y,Y,N,N,Y,Y,N,4-Nov
440,qab,11/15/2021,11.1,62,1,2.5,11,3,17,33.327492,126.721321,2240,N,Y,2021,0,Y,Y,N,N,Y,Y,N,3-Nov
441,qab,11/14/2021,11.1,59.6,1,2.67,11,3,17,33.327492,126.721321,2240,N,Y,2021,0,Y,Y,N,N,Y,Y,N,3-Nov
442,qab,11/19/2021,12.1,50.6,1,3.94,11,3,17,33.327492,126.721321,2240,N,Y,2021,0,Y,Y,N,N,Y,Y,N,3-Nov
443,qab,12/5/2021,7.7,65.6,1,1.5,12,2,17,33.327492,126.721321,2240,N,Y,2021,0,Y,Y,N,N,Y,Y,N,2-Dec
444,qab,11/25/2021,10,56,1,3.57,11,4,17,33.327492,126.721321,2240,N,Y,2021,0,Y,Y,N,N,Y,Y,N,4-Nov
445,qab,11/21/2021,14.4,72.5,1,1.69,11,4,17,33.327492,126.721321,2240,N,Y,2021,0,Y,Y,N,N,Y,Y,N,4-Nov
446,qab,11/18/2021,12.1,54.8,1,2.75,11,3,17,33.327492,126.721321,2240,N,Y,2021,0,Y,Y,N,N,Y,Y,N,3-Nov
447,rab,11/22/2021,9.9,58.4,1,1.73,11,4,18,33.313972,126.762779,7620,Y,Y,2021,1,Y,Y,N,Y,Y,Y,N,4-Nov
448,rab,11/28/2021,11.5,50.6,1,3.29,11,5,18,33.313972,126.762779,7620,Y,Y,2021,1,Y,Y,N,Y,Y,Y,N,5-Nov
449,rab,11/10/2021,8.8,77.1,1,0.12,11,2,18,33.313972,126.762779,7620,Y,Y,2021,1,Y,Y,N,Y,Y,Y,N,2-Nov
450,rab,11/30/2021,10.8,80.4,1,0.33,11,5,18,33.313972,126.762779,7620,Y,Y,2021,1,Y,Y,N,Y,Y,Y,N,5-Nov
451,rab,11/12/2021,10.2,62.4,1,2.18,11,2,18,33.313972,126.762779,7620,Y,Y,2021,1,Y,Y,N,Y,Y,Y,N,2-Nov
452,rab,11/20/2021,12.6,52,1,2.94,11,3,18,33.313972,126.762779,7620,Y,Y,2021,1,Y,Y,N,Y,Y,Y,N,3-Nov
453,rab,12/1/2021,-6.9,64.1,1,1.58,12,1,18,33.313972,126.762779,7620,Y,Y,2021,1,Y,Y,N,Y,Y,Y,N,1-Dec
454,rab,11/11/2021,11.4,66.8,1,3.67,11,2,18,33.313972,126.762779,7620,Y,Y,2021,1,Y,Y,N,Y,Y,Y,N,2-Nov
455,rab,12/2/2021,-7,60.4,1,1.25,12,1,18,33.313972,126.762779,7620,Y,Y,2021,1,Y,Y,N,Y,Y,Y,N,1-Dec
456,rab,11/14/2021,12.4,55.6,1,2.4,11,3,18,33.313972,126.762779,7620,Y,Y,2021,1,Y,Y,N,Y,Y,Y,N,3-Nov
457,rab,12/8/2021,8.9,50.2,1,2.94,12,2,18,33.313972,126.762779,7620,Y,Y,2021,1,Y,Y,N,Y,Y,Y,N,2-Dec
458,rab,11/29/2021,13.2,54.8,1,3.06,11,5,18,33.313972,126.762779,7620,Y,Y,2021,1,Y,Y,N,Y,Y,Y,N,5-Nov
459,rab,12/4/2021,8.6,54.1,1,2.33,12,1,18,33.313972,126.762779,7620,Y,Y,2021,1,Y,Y,N,Y,Y,Y,N,1-Dec
460,rab,11/26/2021,11,38.3,1,3.33,11,4,18,33.313972,126.762779,7620,Y,Y,2021,1,Y,Y,N,Y,Y,Y,N,4-Nov
461,rab,11/16/2021,11,63.1,1,1.4,11,3,18,33.313972,126.762779,7620,Y,Y,2021,1,Y,Y,N,Y,Y,Y,N,3-Nov
462,rab,11/25/2021,10.1,54.9,1,2.54,11,4,18,33.313972,126.762779,7620,Y,Y,2021,1,Y,Y,N,Y,Y,Y,N,4-Nov
463,rab,11/13/2021,11,56.5,1,2.46,11,2,18,33.313972,126.762779,7620,Y,Y,2021,1,Y,Y,N,Y,Y,Y,N,2-Nov
464,rab,12/3/2021,9.1,54.5,1,1.88,12,1,18,33.313972,126.762779,7620,Y,Y,2021,1,Y,Y,N,Y,Y,Y,N,1-Dec
465,rab,11/27/2021,9.6,45.4,1,3.1,11,4,18,33.313972,126.762779,7620,Y,Y,2021,1,Y,Y,N,Y,Y,Y,N,4-Nov
466,rab,11/18/2021,12.7,48.1,1,2.92,11,3,18,33.313972,126.762779,7620,Y,Y,2021,1,Y,Y,N,Y,Y,Y,N,3-Nov
467,rab,12/9/2021,13.2,54.1,1,2.92,12,2,18,33.313972,126.762779,7620,Y,Y,2021,1,Y,Y,N,Y,Y,Y,N,2-Dec
468,rab,12/6/2021,9.2,62,1,3.06,12,2,18,33.313972,126.762779,7620,Y,Y,2021,1,Y,Y,N,Y,Y,Y,N,2-Dec
469,rab,12/7/2021,10,42.4,1,3.02,12,2,18,33.313972,126.762779,7620,Y,Y,2021,1,Y,Y,N,Y,Y,Y,N,2-Dec
470,rab,11/21/2021,15.2,64.4,1,1.21,11,4,18,33.313972,126.762779,7620,Y,Y,2021,1,Y,Y,N,Y,Y,Y,N,4-Nov
471,rab,11/19/2021,12.2,46.7,1,3.21,11,3,18,33.313972,126.762779,7620,Y,Y,2021,1,Y,Y,N,Y,Y,Y,N,3-Nov
472,rab,11/24/2021,9.4,49.7,1,1.88,11,4,18,33.313972,126.762779,7620,Y,Y,2021,1,Y,Y,N,Y,Y,Y,N,4-Nov
473,rab,11/23/2021,7.5,57.3,1,0.92,11,4,18,33.313972,126.762779,7620,Y,Y,2021,1,Y,Y,N,Y,Y,Y,N,4-Nov
474,rab,12/5/2021,6.9,64.4,1,1.1,12,2,18,33.313972,126.762779,7620,Y,Y,2021,1,Y,Y,N,Y,Y,Y,N,2-Dec
475,rab,11/15/2021,11.8,58.7,1,2.98,11,3,18,33.313972,126.762779,7620,Y,Y,2021,1,Y,Y,N,Y,Y,Y,N,3-Nov
476,rab,11/17/2021,12.4,52.3,1,2.88,11,3,18,33.313972,126.762779,7620,Y,Y,2021,1,Y,Y,N,Y,Y,Y,N,3-Nov
477,sab,11/28/2021,12,50,1,3.31,11,5,19,33.299995,126.629791,9800,N,Y,2021,2,Y,Y,N,N,N,N,Y,5-Nov
478,sab,11/29/2021,14,55.1,1,3.23,11,5,19,33.299995,126.629791,9800,N,Y,2021,2,Y,Y,N,N,N,N,Y,5-Nov
479,sab,12/7/2021,10.2,40,1,3.15,12,2,19,33.299995,126.629791,9800,N,Y,2021,2,Y,Y,N,N,N,N,Y,2-Dec
480,sab,11/10/2021,8.8,71.6,1,1.29,11,2,19,33.299995,126.629791,9800,N,Y,2021,2,Y,Y,N,N,N,N,Y,2-Nov
481,sab,12/3/2021,9.2,53.3,1,2.62,12,1,19,33.299995,126.629791,9800,N,Y,2021,2,Y,Y,N,N,N,N,Y,1-Dec
482,sab,11/24/2021,8.8,51.7,1,1.26,11,4,19,33.299995,126.629791,9800,N,Y,2021,2,Y,Y,N,N,N,N,Y,4-Nov
483,sab,11/25/2021,10.9,52.1,1,2.72,11,4,19,33.299995,126.629791,9800,N,Y,2021,2,Y,Y,N,N,N,N,Y,4-Nov
484,sab,11/11/2021,11.7,61.8,1,2.8,11,2,19,33.299995,126.629791,9800,N,Y,2021,2,Y,Y,N,N,N,N,Y,2-Nov
485,sab,12/1/2021,6,62.3,1,2.29,12,1,19,33.299995,126.629791,9800,N,Y,2021,2,Y,Y,N,N,N,N,Y,1-Dec
486,sab,11/12/2021,10.2,61,1,2.94,11,2,19,33.299995,126.629791,9800,N,Y,2021,2,Y,Y,N,N,N,N,Y,2-Nov
487,sab,12/5/2021,7.4,64.7,1,1.65,12,2,19,33.299995,126.629791,9800,N,Y,2021,2,Y,Y,N,N,N,N,Y,2-Dec
488,sab,12/2/2021,6.9,57.9,1,1.87,12,1,19,33.299995,126.629791,9800,N,Y,2021,2,Y,Y,N,N,N,N,Y,1-Dec
489,sab,12/6/2021,10.2,62.6,1,3.23,12,2,19,33.299995,126.629791,9800,N,Y,2021,2,Y,Y,N,N,N,N,Y,2-Dec
490,sab,11/30/2021,10.9,78.8,1,0.96,11,5,19,33.299995,126.629791,9800,N,Y,2021,2,Y,Y,N,N,N,N,Y,5-Nov
491,sab,11/9/2021,7.5,70.9,1,0,11,2,19,33.299995,126.629791,9800,N,Y,2021,2,Y,Y,N,N,N,N,Y,2-Nov
492,sab,11/17/2021,13.1,51,1,3.44,11,3,19,33.299995,126.629791,9800,N,Y,2021,2,Y,Y,N,N,N,N,Y,3-Nov
493,sab,12/9/2021,14,51.5,1,4.23,12,2,19,33.299995,126.629791,9800,N,Y,2021,2,Y,Y,N,N,N,N,Y,2-Dec
494,sab,11/27/2021,9.7,46.9,1,3.23,11,4,19,33.299995,126.629791,9800,N,Y,2021,2,Y,Y,N,N,N,N,Y,4-Nov
495,sab,11/13/2021,11.5,53.6,1,2.95,11,2,19,33.299995,126.629791,9800,N,Y,2021,2,Y,Y,N,N,N,N,Y,2-Nov
496,sab,11/20/2021,13.7,49.6,1,3.17,11,3,19,33.299995,126.629791,9800,N,Y,2021,2,Y,Y,N,N,N,N,Y,3-Nov
497,sab,11/19/2021,12.5,46.9,1,3.2,11,3,19,33.299995,126.629791,9800,N,Y,2021,2,Y,Y,N,N,N,N,Y,3-Nov
498,sab,11/26/2021,11.5,38.2,1,3.19,11,4,19,33.299995,126.629791,9800,N,Y,2021,2,Y,Y,N,N,N,N,Y,4-Nov
499,sab,11/14/2021,13.2,53.7,1,2.73,11,3,19,33.299995,126.629791,9800,N,Y,2021,2,Y,Y,N,N,N,N,Y,3-Nov
500,sab,11/21/2021,15.4,62.4,1,1.68,11,4,19,33.299995,126.629791,9800,N,Y,2021,2,Y,Y,N,N,N,N,Y,4-Nov
501,sab,11/22/2021,9.7,55.3,1,2.78,11,4,19,33.299995,126.629791,9800,N,Y,2021,2,Y,Y,N,N,N,N,Y,4-Nov
502,sab,12/4/2021,8.6,52.4,1,2.92,12,1,19,33.299995,126.629791,9800,N,Y,2021,2,Y,Y,N,N,N,N,Y,1-Dec
503,sab,11/23/2021,7.4,56.2,1,1.66,11,4,19,33.299995,126.629791,9800,N,Y,2021,2,Y,Y,N,N,N,N,Y,4-Nov
504,sab,11/15/2021,13,55.7,1,3.44,11,3,19,33.299995,126.629791,9800,N,Y,2021,2,Y,Y,N,N,N,N,Y,3-Nov
505,sab,11/18/2021,13,48.3,1,3.02,11,3,19,33.299995,126.629791,9800,N,Y,2021,2,Y,Y,N,N,N,N,Y,3-Nov
506,sab,12/8/2021,9.8,49.4,1,3,12,2,19,33.299995,126.629791,9800,N,Y,2021,2,Y,Y,N,N,N,N,Y,2-Dec
507,sab,11/16/2021,10.9,63.4,1,1.93,11,3,19,33.299995,126.629791,9800,N,Y,2021,2,Y,Y,N,N,N,N,Y,3-Nov
508,tab,11/22/2021,10.5,62.5,1,4.92,11,4,20,33.435211,126.344612,8044,N,Y,2021,0,Y,Y,Y,N,Y,N,N,4-Nov
509,tab,11/20/2021,13.8,63.5,1,5.31,11,3,20,33.435211,126.344612,8044,N,Y,2021,0,Y,Y,Y,N,Y,N,N,3-Nov
510,tab,11/30/2021,11.7,77.3,1,1.86,11,5,20,33.435211,126.344612,8044,N,Y,2021,0,Y,Y,Y,N,Y,N,N,5-Nov
511,tab,12/9/2021,13.9,60.6,1,3.91,12,2,20,33.435211,126.344612,8044,N,Y,2021,0,Y,Y,Y,N,Y,N,N,2-Dec
512,tab,12/5/2021,7.6,57.9,1,4.29,12,2,20,33.435211,126.344612,8044,N,Y,2021,0,Y,Y,Y,N,Y,N,N,2-Dec
513,tab,11/11/2021,11,69.8,1,4.88,11,2,20,33.435211,126.344612,8044,N,Y,2021,0,Y,Y,Y,N,Y,N,N,2-Nov
514,tab,11/27/2021,7.5,51.7,1,5.28,11,4,20,33.435211,126.344612,8044,N,Y,2021,0,Y,Y,Y,N,Y,N,N,4-Nov
515,tab,11/13/2021,11.3,57.5,1,5.64,11,2,20,33.435211,126.344612,8044,N,Y,2021,0,Y,Y,Y,N,Y,N,N,2-Nov
516,tab,12/2/2021,6.8,61.4,1,3.78,12,1,20,33.435211,126.344612,8044,N,Y,2021,0,Y,Y,Y,N,Y,N,N,1-Dec
517,tab,12/1/2021,6.6,65.2,1,3.21,12,1,20,33.435211,126.344612,8044,N,Y,2021,0,Y,Y,Y,N,Y,N,N,1-Dec
518,tab,11/28/2021,10.6,54.6,1,5.35,11,5,20,33.435211,126.344612,8044,N,Y,2021,0,Y,Y,Y,N,Y,N,N,5-Nov
519,tab,11/14/2021,11.7,54.6,1,5.26,11,3,20,33.435211,126.344612,8044,N,Y,2021,0,Y,Y,Y,N,Y,N,N,3-Nov
520,tab,11/15/2021,11.7,56.7,1,5.22,11,3,20,33.435211,126.344612,8044,N,Y,2021,0,Y,Y,Y,N,Y,N,N,3-Nov
521,tab,11/10/2021,10.6,64.9,1,4.85,11,2,20,33.435211,126.344612,8044,N,Y,2021,0,Y,Y,Y,N,Y,N,N,2-Nov
522,tab,11/19/2021,11.7,53.4,1,5.71,11,3,20,33.435211,126.344612,8044,N,Y,2021,0,Y,Y,Y,N,Y,N,N,3-Nov
523,tab,11/21/2021,14.8,68.5,1,3.39,11,4,20,33.435211,126.344612,8044,N,Y,2021,0,Y,Y,Y,N,Y,N,N,4-Nov
524,tab,11/23/2021,8.6,57.6,1,4.07,11,4,20,33.435211,126.344612,8044,N,Y,2021,0,Y,Y,Y,N,Y,N,N,4-Nov
525,tab,11/17/2021,13.1,55.8,1,5.49,11,3,20,33.435211,126.344612,8044,N,Y,2021,0,Y,Y,Y,N,Y,N,N,3-Nov
526,tab,12/7/2021,10.3,58.3,1,4.75,12,2,20,33.435211,126.344612,8044,N,Y,2021,0,Y,Y,Y,N,Y,N,N,2-Dec
527,tab,11/24/2021,8.7,51.7,1,4.54,11,4,20,33.435211,126.344612,8044,N,Y,2021,0,Y,Y,Y,N,Y,N,N,4-Nov
528,tab,11/18/2021,11.6,54.1,1,5.51,11,3,20,33.435211,126.344612,8044,N,Y,2021,0,Y,Y,Y,N,Y,N,N,3-Nov
529,tab,11/12/2021,10.1,67.3,1,4.9,11,2,20,33.435211,126.344612,8044,N,Y,2021,0,Y,Y,Y,N,Y,N,N,2-Nov
530,tab,11/29/2021,11.2,56.8,1,5.43,11,5,20,33.435211,126.344612,8044,N,Y,2021,0,Y,Y,Y,N,Y,N,N,5-Nov
531,tab,11/25/2021,10,55.9,1,4.89,11,4,20,33.435211,126.344612,8044,N,Y,2021,0,Y,Y,Y,N,Y,N,N,4-Nov
532,tab,12/4/2021,8.6,54.2,1,4.47,12,1,20,33.435211,126.344612,8044,N,Y,2021,0,Y,Y,Y,N,Y,N,N,1-Dec
533,tab,12/6/2021,10.1,63.6,1,4.9,12,2,20,33.435211,126.344612,8044,N,Y,2021,0,Y,Y,Y,N,Y,N,N,2-Dec
534,tab,12/8/2021,10.1,61.7,1,4.5,12,2,20,33.435211,126.344612,8044,N,Y,2021,0,Y,Y,Y,N,Y,N,N,2-Dec
535,tab,12/3/2021,9.1,56.6,1,4.12,12,1,20,33.435211,126.344612,8044,N,Y,2021,0,Y,Y,Y,N,Y,N,N,1-Dec
536,tab,11/16/2021,12,59.9,1,4.79,11,3,20,33.435211,126.344612,8044,N,Y,2021,0,Y,Y,Y,N,Y,N,N,3-Nov
537,tab,11/26/2021,9.6,56.5,1,5.24,11,4,20,33.435211,126.344612,8044,N,Y,2021,0,Y,Y,Y,N,Y,N,N,4-Nov
538,uab,12/1/2021,6.6,62.2,1.04,3.7,12,1,21,33.337627,126.610199,5000,N,Y,2021,0,Y,Y,N,N,Y,Y,N,1-Dec
539,uab,11/29/2021,10.1,65.9,1,3.94,11,5,21,33.337627,126.610199,5000,N,Y,2021,0,Y,Y,N,N,Y,Y,N,5-Nov
540,uab,11/30/2021,11.6,74,1,2.9,11,5,21,33.337627,126.610199,5000,N,Y,2021,0,Y,Y,N,N,Y,Y,N,5-Nov
541,uab,12/2/2021,7.5,57.3,1,4.68,12,1,21,33.337627,126.610199,5000,N,Y,2021,0,Y,Y,N,N,Y,Y,N,1-Dec
542,uab,12/4/2021,10,49.5,1.02,6.65,12,1,21,33.337627,126.610199,5000,N,Y,2021,0,Y,Y,N,N,Y,Y,N,1-Dec
543,uab,12/6/2021,9.2,69.5,1,4.21,12,2,21,33.337627,126.610199,5000,N,Y,2021,0,Y,Y,N,N,Y,Y,N,2-Dec
544,uab,11/25/2021,9.6,54.2,1,7.11,11,4,21,33.337627,126.610199,5000,N,Y,2021,0,Y,Y,N,N,Y,Y,N,4-Nov
545,uab,12/3/2021,8.8,54.7,1,5.23,12,1,21,33.337627,126.610199,5000,N,Y,2021,0,Y,Y,N,N,Y,Y,N,1-Dec
546,uab,12/5/2021,8.4,58.4,1,4.25,12,2,21,33.337627,126.610199,5000,N,Y,2021,0,Y,Y,N,N,Y,Y,N,2-Dec
547,uab,11/22/2021,10.5,59.2,1,5.6,11,4,21,33.337627,126.610199,5000,N,Y,2021,0,Y,Y,N,N,Y,Y,N,4-Nov
548,uab,11/12/2021,10.4,65,1,3.75,11,2,21,33.337627,126.610199,5000,N,Y,2021,0,Y,Y,N,N,Y,Y,N,2-Nov
549,uab,11/15/2021,12.1,55.7,1,10.96,11,3,21,33.337627,126.610199,5000,N,Y,2021,0,Y,Y,N,N,Y,Y,N,3-Nov
550,uab,11/28/2021,10.4,61.1,1,4.92,11,5,21,33.337627,126.610199,5000,N,Y,2021,0,Y,Y,N,N,Y,Y,N,5-Nov
551,uab,11/26/2021,10.9,51.5,1,8.46,11,4,21,33.337627,126.610199,5000,N,Y,2021,0,Y,Y,N,N,Y,Y,N,4-Nov
552,uab,12/8/2021,10.4,59.8,1,7.47,12,2,21,33.337627,126.610199,5000,N,Y,2021,0,Y,Y,N,N,Y,Y,N,2-Dec
553,uab,11/16/2021,10.9,61.6,1,2.28,11,3,21,33.337627,126.610199,5000,N,Y,2021,0,Y,Y,N,N,Y,Y,N,3-Nov
554,uab,11/11/2021,13.7,50.9,1,10.13,11,2,21,33.337627,126.610199,5000,N,Y,2021,0,Y,Y,N,N,Y,Y,N,2-Nov
555,uab,12/9/2021,12.8,63.4,1,7.61,12,2,21,33.337627,126.610199,5000,N,Y,2021,0,Y,Y,N,N,Y,Y,N,2-Dec
556,uab,12/7/2021,10.2,53.9,1,5.88,12,2,21,33.337627,126.610199,5000,N,Y,2021,0,Y,Y,N,N,Y,Y,N,2-Dec
557,uab,11/20/2021,14.8,52.4,1,10.88,11,3,21,33.337627,126.610199,5000,N,Y,2021,0,Y,Y,N,N,Y,Y,N,3-Nov
558,uab,11/27/2021,9.3,51.7,1.02,8.24,11,4,21,33.337627,126.610199,5000,N,Y,2021,0,Y,Y,N,N,Y,Y,N,4-Nov
559,uab,11/10/2021,11.9,52.5,1,7.5,11,2,21,33.337627,126.610199,5000,N,Y,2021,0,Y,Y,N,N,Y,Y,N,2-Nov
560,uab,11/23/2021,8.9,52.5,1,6.32,11,4,21,33.337627,126.610199,5000,N,Y,2021,0,Y,Y,N,N,Y,Y,N,4-Nov
561,uab,11/17/2021,11.6,51.7,1,7.5,11,3,21,33.337627,126.610199,5000,N,Y,2021,0,Y,Y,N,N,Y,Y,N,3-Nov
562,uab,11/19/2021,10.1,54.9,1,4.41,11,3,21,33.337627,126.610199,5000,N,Y,2021,0,Y,Y,N,N,Y,Y,N,3-Nov
563,uab,11/18/2021,10.6,55.8,1,5.7,11,3,21,33.337627,126.610199,5000,N,Y,2021,0,Y,Y,N,N,Y,Y,N,3-Nov
564,uab,11/21/2021,13.3,71.5,1,1.26,11,4,21,33.337627,126.610199,5000,N,Y,2021,0,Y,Y,N,N,Y,Y,N,4-Nov
565,uab,11/24/2021,9.3,47.4,1,7.1,11,4,21,33.337627,126.610199,5000,N,Y,2021,0,Y,Y,N,N,Y,Y,N,4-Nov
566,uab,11/14/2021,12.3,55.2,1,9.36,11,3,21,33.337627,126.610199,5000,N,Y,2021,0,Y,Y,N,N,Y,Y,N,3-Nov
567,uab,11/13/2021,14.4,46.9,1,13.41,11,2,21,33.337627,126.610199,5000,N,Y,2021,0,Y,Y,N,N,Y,Y,N,2-Nov
568,wab,11/12/2021,10.5,61,1,5.51,11,2,23,33.326878,126.713615,1300,N,Y,2021,0,Y,Y,N,N,Y,Y,N,2-Nov
569,wab,11/23/2021,7.4,58.1,1,2.03,11,4,23,33.326878,126.713615,1300,N,Y,2021,0,Y,Y,N,N,Y,Y,N,4-Nov
570,wab,11/14/2021,12.5,55,1,6.9,11,3,23,33.326878,126.713615,1300,N,Y,2021,0,Y,Y,N,N,Y,Y,N,3-Nov
571,wab,12/5/2021,8.3,57.9,1,4.33,12,2,23,33.326878,126.713615,1300,N,Y,2021,0,Y,Y,N,N,Y,Y,N,2-Dec
572,wab,11/24/2021,9.3,51.9,1,4.65,11,4,23,33.326878,126.713615,1300,N,Y,2021,0,Y,Y,N,N,Y,Y,N,4-Nov
573,wab,12/1/2021,5.8,64.2,1,3.64,12,1,23,33.326878,126.713615,1300,N,Y,2021,0,Y,Y,N,N,Y,Y,N,1-Dec
574,wab,11/17/2021,12.7,41.5,1,6.94,11,3,23,33.326878,126.713615,1300,N,Y,2021,0,Y,Y,N,N,Y,Y,N,3-Nov
575,wab,12/9/2021,11.7,57,1,6.9,12,2,23,33.326878,126.713615,1300,N,Y,2021,0,Y,Y,N,N,Y,Y,N,2-Dec
576,wab,11/20/2021,13.7,45.6,1,6.53,11,3,23,33.326878,126.713615,1300,N,Y,2021,0,Y,Y,N,N,Y,Y,N,3-Nov
577,wab,12/7/2021,10,53.1,1,6.71,12,2,23,33.326878,126.713615,1300,N,Y,2021,0,Y,Y,N,N,Y,Y,N,2-Dec
578,wab,11/30/2021,10.4,81.2,1,1.12,11,5,23,33.326878,126.713615,1300,N,Y,2021,0,Y,Y,N,N,Y,Y,N,5-Nov
579,wab,11/21/2021,15.3,64.8,1,3.22,11,4,23,33.326878,126.713615,1300,N,Y,2021,0,Y,Y,N,N,Y,Y,N,4-Nov
580,wab,12/4/2021,8.9,56.3,1,5,12,1,23,33.326878,126.713615,1300,N,Y,2021,0,Y,Y,N,N,Y,Y,N,1-Dec
581,wab,11/13/2021,11.4,55.2,1,6.12,11,2,23,33.326878,126.713615,1300,N,Y,2021,0,Y,Y,N,N,Y,Y,N,2-Nov
582,wab,11/22/2021,8.8,63.6,1,3.31,11,4,23,33.326878,126.713615,1300,N,Y,2021,0,Y,Y,N,N,Y,Y,N,4-Nov
583,wab,12/6/2021,10.1,59.2,1,6.39,12,2,23,33.326878,126.713615,1300,N,Y,2021,0,Y,Y,N,N,Y,Y,N,2-Dec
584,wab,11/29/2021,13.2,55,1,7.03,11,5,23,33.326878,126.713615,1300,N,Y,2021,0,Y,Y,N,N,Y,Y,N,5-Nov
585,wab,11/26/2021,10.6,46.6,1,7.26,11,4,23,33.326878,126.713615,1300,N,Y,2021,0,Y,Y,N,N,Y,Y,N,4-Nov
586,wab,12/2/2021,6.8,61.5,1,3.21,12,1,23,33.326878,126.713615,1300,N,Y,2021,0,Y,Y,N,N,Y,Y,N,1-Dec
587,wab,11/28/2021,10.2,51.9,1,6.65,11,5,23,33.326878,126.713615,1300,N,Y,2021,0,Y,Y,N,N,Y,Y,N,5-Nov
588,wab,11/27/2021,9.6,49.4,1,6.96,11,4,23,33.326878,126.713615,1300,N,Y,2021,0,Y,Y,N,N,Y,Y,N,4-Nov
589,wab,11/19/2021,12.7,41.8,1,8.02,11,3,23,33.326878,126.713615,1300,N,Y,2021,0,Y,Y,N,N,Y,Y,N,3-Nov
590,wab,12/3/2021,9.2,54.3,1,5.49,12,1,23,33.326878,126.713615,1300,N,Y,2021,0,Y,Y,N,N,Y,Y,N,1-Dec
591,wab,11/15/2021,12.1,56.6,1,6.9,11,3,23,33.326878,126.713615,1300,N,Y,2021,0,Y,Y,N,N,Y,Y,N,3-Nov
592,wab,11/11/2021,11.3,67,1,6.14,11,2,23,33.326878,126.713615,1300,N,Y,2021,0,Y,Y,N,N,Y,Y,N,2-Nov
593,wab,11/18/2021,12.7,42.7,1,7.22,11,3,23,33.326878,126.713615,1300,N,Y,2021,0,Y,Y,N,N,Y,Y,N,3-Nov
594,wab,11/25/2021,10.4,57.9,1,6.06,11,4,23,33.326878,126.713615,1300,N,Y,2021,0,Y,Y,N,N,Y,Y,N,4-Nov
595,wab,11/16/2021,12.3,50.6,1,3.8,11,3,23,33.326878,126.713615,1300,N,Y,2021,0,Y,Y,N,N,Y,Y,N,3-Nov
596,wab,11/10/2021,9,73.3,1,2.8,11,2,23,33.326878,126.713615,1300,N,Y,2021,0,Y,Y,N,N,Y,Y,N,2-Nov
597,wab,11/9/2021,9.3,63.6,1,2.66,11,2,23,33.326878,126.713615,1300,N,Y,2021,0,Y,Y,N,N,Y,Y,N,2-Nov
598,wab,12/8/2021,10,49.7,1,6.96,12,2,23,33.326878,126.713615,1300,N,Y,2021,0,Y,Y,N,N,Y,Y,N,2-Dec
599,xab,11/20/2021,13.9,53.5,1,7.1,11,3,24,33.310963,126.726318,11600,Y,Y,2021,0,Y,Y,Y,N,Y,N,N,3-Nov
600,xab,11/11/2021,13.8,53.7,1,10.39,11,2,24,33.310963,126.726318,11600,Y,Y,2021,0,Y,Y,Y,N,Y,N,N,2-Nov
601,xab,11/21/2021,14.9,67.7,1,2.58,11,4,24,33.310963,126.726318,11600,Y,Y,2021,0,Y,Y,Y,N,Y,N,N,4-Nov
602,xab,11/12/2021,10.5,64.8,1,6.02,11,2,24,33.310963,126.726318,11600,Y,Y,2021,0,Y,Y,Y,N,Y,N,N,2-Nov
603,xab,11/9/2021,13.1,46.2,1,10.33,11,2,24,33.310963,126.726318,11600,Y,Y,2021,0,Y,Y,Y,N,Y,N,N,2-Nov
604,xab,12/7/2021,11,51.4,1,6.61,12,2,24,33.310963,126.726318,11600,Y,Y,2021,0,Y,Y,Y,N,Y,N,N,2-Dec
605,xab,11/23/2021,8.8,54.7,1,4.98,11,4,24,33.310963,126.726318,11600,Y,Y,2021,0,Y,Y,Y,N,Y,N,N,4-Nov
606,xab,11/13/2021,12.4,55.6,1,7.94,11,2,24,33.310963,126.726318,11600,Y,Y,2021,0,Y,Y,Y,N,Y,N,N,2-Nov
607,xab,12/1/2021,6.5,66.2,1,3.21,12,1,24,33.310963,126.726318,11600,Y,Y,2021,0,Y,Y,Y,N,Y,N,N,1-Dec
608,xab,12/9/2021,16.3,57.4,1,8.89,12,2,24,33.310963,126.726318,11600,Y,Y,2021,0,Y,Y,Y,N,Y,N,N,2-Dec
609,xab,12/3/2021,9.7,54.5,1,4.42,12,1,24,33.310963,126.726318,11600,Y,Y,2021,0,Y,Y,Y,N,Y,N,N,1-Dec
610,xab,12/6/2021,10.6,62.7,1,5.5,12,2,24,33.310963,126.726318,11600,Y,Y,2021,0,Y,Y,Y,N,Y,N,N,2-Dec
611,xab,11/24/2021,10.4,48.6,1,6.23,11,4,24,33.310963,126.726318,11600,Y,Y,2021,0,Y,Y,Y,N,Y,N,N,4-Nov
612,xab,11/30/2021,11.5,77,1,1,11,5,24,33.310963,126.726318,11600,Y,Y,2021,0,Y,Y,Y,N,Y,N,N,5-Nov
613,xab,12/8/2021,7,71.1,1,0,12,2,24,33.310963,126.726318,11600,Y,Y,2021,0,Y,Y,Y,N,Y,N,N,2-Dec
614,xab,11/28/2021,11.2,53.7,1,5.26,11,5,24,33.310963,126.726318,11600,Y,Y,2021,0,Y,Y,Y,N,Y,N,N,5-Nov
615,xab,11/26/2021,10.9,50.5,1,6.5,11,4,24,33.310963,126.726318,11600,Y,Y,2021,0,Y,Y,Y,N,Y,N,N,4-Nov
616,xab,12/4/2021,10.5,49.9,1,6.36,12,1,24,33.310963,126.726318,11600,Y,Y,2021,0,Y,Y,Y,N,Y,N,N,1-Dec
617,xab,11/16/2021,12.7,55.5,1,3.42,11,3,24,33.310963,126.726318,11600,Y,Y,2021,0,Y,Y,Y,N,Y,N,N,3-Nov
618,xab,11/14/2021,12.1,55.8,1,7.35,11,3,24,33.310963,126.726318,11600,Y,Y,2021,0,Y,Y,Y,N,Y,N,N,3-Nov
619,xab,11/22/2021,10.3,59,1,4.69,11,4,24,33.310963,126.726318,11600,Y,Y,2021,0,Y,Y,Y,N,Y,N,N,4-Nov
620,xab,11/10/2021,11.1,60.7,1,0,11,2,24,33.310963,126.726318,11600,Y,Y,2021,0,Y,Y,Y,N,Y,N,N,2-Nov
621,xab,11/29/2021,12,58.3,1,5.86,11,5,24,33.310963,126.726318,11600,Y,Y,2021,0,Y,Y,Y,N,Y,N,N,5-Nov
622,xab,11/8/2021,11.9,60.6,1,12.12,11,2,24,33.310963,126.726318,11600,Y,Y,2021,0,Y,Y,Y,N,Y,N,N,2-Nov
623,xab,11/15/2021,12,56.5,1,6.25,11,3,24,33.310963,126.726318,11600,Y,Y,2021,0,Y,Y,Y,N,Y,N,N,3-Nov
624,xab,11/17/2021,12.7,48.1,1,6.42,11,3,24,33.310963,126.726318,11600,Y,Y,2021,0,Y,Y,Y,N,Y,N,N,3-Nov
625,xab,11/19/2021,12.8,49.9,1,7.83,11,3,24,33.310963,126.726318,11600,Y,Y,2021,0,Y,Y,Y,N,Y,N,N,3-Nov
626,xab,12/2/2021,7.8,58.4,1,3.05,12,1,24,33.310963,126.726318,11600,Y,Y,2021,0,Y,Y,Y,N,Y,N,N,1-Dec
627,xab,12/5/2021,8,61.5,1,1.75,12,2,24,33.310963,126.726318,11600,Y,Y,2021,0,Y,Y,Y,N,Y,N,N,2-Dec
628,xab,11/27/2021,9.1,47.8,1,6.73,11,4,24,33.310963,126.726318,11600,Y,Y,2021,0,Y,Y,Y,N,Y,N,N,4-Nov
629,xab,11/25/2021,11.1,52.5,1,6.25,11,4,24,33.310963,126.726318,11600,Y,Y,2021,0,Y,Y,Y,N,Y,N,N,4-Nov
630,xab,11/18/2021,13,50.5,1,7.17,11,3,24,33.310963,126.726318,11600,Y,Y,2021,0,Y,Y,Y,N,Y,N,N,3-Nov
631,yab,12/9/2021,16.8,51.1,1,9.83,12,2,25,33.236855,126.376244,1120,Y,Y,2021,0,Y,Y,Y,N,Y,N,N,2-Dec
